ticker,fiscal_quarter_end,announcement_date,eps_beat,price_1m_before,price_3m_before,price_change_1m_pct,price_change_3m_pct,eps_estimate_average,eps_estimate_high,eps_estimate_low,eps_estimate_analyst_count,eps_estimate_average_7_days_ago,eps_estimate_average_30_days_ago,eps_estimate_average_60_days_ago,eps_estimate_average_90_days_ago,eps_estimate_revision_up_trailing_7_days,eps_estimate_revision_down_trailing_7_days,eps_estimate_revision_up_trailing_30_days,eps_estimate_revision_down_trailing_30_days,revenue_estimate_average,revenue_estimate_high,revenue_estimate_low,revenue_estimate_analyst_count,elo_before,elo_decay,elo_momentum,elo_vol_4q,total_revenue_yoy_growth_lag1,total_revenue_qoq_growth_lag1,total_revenue_ttm_yoy_growth_lag1,actual_eps_yoy_growth_lag1,actual_eps_qoq_growth_lag1,ebitda_yoy_growth_lag1,operating_income_yoy_growth_lag1,gross_margin_yoy_change_lag1,operating_margin_yoy_change_lag1,stock_price_pre,stock_price_post,atm_strike_pre,atm_call_mid_pre,atm_put_mid_pre,straddle_price_pre,straddle_pct_pre,iv_call_pre,iv_put_pre,iv_avg_pre,iv_avg_post,iv_crush_pct,iv_term_slope,atm_open_interest_pre,atm_volume_pre,chain_pc_volume_ratio,dte_pre,actual_move_pct,crush_profitable,crush_pnl_pct,spy_join_date,spy_spot,spy_spy_close,spy_atm_iv_30d,spy_atm_iv_60d,spy_atm_iv_90d,spy_term_slope_30_60,spy_term_slope_30_90,spy_backwardation_flag,spy_iv_25d_put,spy_iv_25d_call,spy_risk_reversal_25d,spy_butterfly_25d,spy_iv_rank_30d,spy_iv_rank_252d,spy_iv_percentile_252d,spy_rv_5d,spy_rv_21d,spy_vrp_30d,spy_vol_expansion,spy_pc_ratio,spy_pc_ratio_z_20d,spy_voi_ratio,spy_voi_ratio_z_20d,spy_spy_ret_5d,spy_spy_ret_21d,spy_spy_dd_from_60d_high,spy_spy_above_200d_ma,spy_vix_close,spy_vix3m_close,spy_vix_minus_atm_iv_30d
JPM,2021-12-31,2022-01-14,1.0,157.94,166.61,-0.03,-5.23,3.03,15.48,14.8,27.0,14.99,14.97,14.96,14.77,2.0,0.0,12.0,4.0,33564300000.0,125869000000.0,121203000000.0,23.0,16000.8,12116.16,1264.53,985.74,0.7,-2.44,-6.34,14.89,-6.08,15.31,19.9,7.5,7.27,167.5,152.5,167.5,2.49,1.6,4.09,2.4417910447761195,0.60023,0.55145,0.57584,0.331945,42.35464712420117,-0.3317,4766,3219,0.5474242424242424,1.0,8.955223880597018,0,-6.513432835820899,2022-01-13,465.0,438.211181640625,0.16772,0.1744557142857143,0.17585,0.0067357142857142,0.0081299999999999,0,0.21,0.13195,0.07805,0.0032549999999999,0.437515014654303,0.4404744472104264,0.823943661971831,0.1348272538415272,0.1553966553726903,0.0123233446273097,0.8676329198860097,1.24,0.4410782723991667,0.4704010384357179,-0.5612645565575256,-0.0072872518996576,0.0060472254170673,-0.0275899511042299,1,20.309999465942383,23.40999984741211,3.537999465942381
JNJ,2021-12-31,2022-01-25,1.0,168.25,163.74,-0.37,2.38,2.12,9.82,9.69,18.0,9.8,9.8,9.8,9.66,0.0,0.0,0.0,0.0,26400800000.0,95021700000.0,94051000000.0,17.0,7288.8,5826.4,499.73,303.11,10.7,0.11,6.6,18.18,4.84,-9.26,15.61,2.0,1.25,162.5,167.5,162.5,3.85,2.4450000000000003,6.295,3.873846153846154,0.53194,0.39536,0.46365,0.278285,39.97951040655667,-0.224385,27,1234,1.2910337791883926,4.0,3.076923076923066,1,0.796923076923088,2022-01-24,438.0,414.9200134277344,0.249015,0.24639,0.2365538888888889,-0.0026249999999999,-0.012461111111111,1,0.31731,0.20024,0.1170699999999999,0.0097599999999999,1.0,1.0,1.0,0.1500948868942249,0.1483049073119506,0.1007100926880494,1.0120695910520967,1.44,0.7522549742469915,4.614083280730513,2.7583557141337254,-0.05353772852658,-0.0595482309003944,-0.0792740864472448,1,29.899999618530273,30.81999969482422,4.998499618530275
MSFT,2021-12-31,2022-01-25,0.0,334.69,323.17,-13.8,-10.73,2.31,7.87,7.24,31.0,7.77,7.77,7.79,7.4,0.0,0.0,0.0,0.0,30306100000.0,166851000000.0,164467000000.0,34.0,1925.6,1116.96,-500.27,1183.66,20.09,14.15,19.5,396.0,9.25,22.46,24.31,0.16,1.46,297.5,297.5,297.5,8.875,9.825,18.7,6.2857142857142865,0.75632,0.74657,0.7514449999999999,0.49292,34.40371550812101,-0.3463349999999999,710,3065,0.6812499122252651,4.0,0.0,1,6.2857142857142865,2022-01-24,438.0,414.9200134277344,0.249015,0.24639,0.2365538888888889,-0.0026249999999999,-0.012461111111111,1,0.31731,0.20024,0.1170699999999999,0.0097599999999999,1.0,1.0,1.0,0.1500948868942249,0.1483049073119506,0.1007100926880494,1.0120695910520967,1.44,0.7522549742469915,4.614083280730513,2.7583557141337254,-0.05353772852658,-0.0595482309003944,-0.0792740864472448,1,29.899999618530273,30.81999969482422,4.998499618530275
TSLA,2021-12-31,2022-01-26,1.0,1093.94,1077.04,-14.31,-12.96,0.79,7.39,4.53,32.0,6.36,6.07,6.06,5.86,2.0,0.0,22.0,0.0,17313100000.0,55467600000.0,49852000000.0,36.0,24799.2,28009.44,-1030.4,817.0,56.85,15.04,49.09,148.0,29.17,98.49,147.71,3.08,5.35,920.0,830.0,920.0,45.675,46.325,92.0,10.0,1.40021,1.37094,1.385575,1.02461,26.051639211157823,-0.58535,772,15053,0.8126675036190182,3.0,9.782608695652172,1,0.21739130434782794,2022-01-25,432.0,409.8542785644531,0.26853,0.2527719230769231,0.2441399999999999,-0.0157580769230769,-0.02439,1,0.32707,0.20024,0.12683,-0.0048749999999999,1.0,1.0,1.0,0.1388191088854046,0.1477966059135803,0.1207333940864196,0.9392577591840976,1.26,-0.0561453835831661,0.5628767032133226,-0.5362172343127248,-0.0482375382101648,-0.0767745021822117,-0.0905151767992844,0,31.15999984741211,31.760000228881836,4.306999847412111
AAPL,2021-12-31,2022-01-27,0.0,179.29,149.8,-11.19,6.29,1.89,5.91,5.19,41.0,5.58,5.58,5.18,5.19,1.0,1.0,2.0,1.0,97648400000.0,373362000000.0,356159000000.0,38.0,-46105.6,-47386.88,-410.67,1347.03,11.22,52.2,26.5,600.0,61.54,21.01,23.72,3.98,3.38,160.0,170.0,160.0,3.55,4.075,7.625,4.765625,0.78559,0.83437,0.8099799999999999,0.33682500000000004,58.41563989234301,-0.4146249999999999,21591,28308,0.6197707716328146,2.0,6.25,0,-1.484375,2022-01-26,432.0,408.8259887695313,0.26365,0.2520180769230769,0.242515,-0.011631923076923,-0.0211349999999999,1,0.32707,0.21,0.11707,0.004885,0.966652999863332,0.9696837920109338,0.9933333333333332,0.1479446750236608,0.1329761133646907,0.1306738866353092,1.1125657930602797,1.33,0.162416725411199,0.7051581532546987,-0.4027128164412938,-0.0406641128126142,-0.0919414985828118,-0.0927969974639589,0,31.959999084472656,31.950000762939453,5.594999084472658
GOOGL,2021-12-31,2022-02-01,1.0,2897.04,2931.96,-4.98,-6.11,1.36,113.56,98.24,41.0,108.39,108.64,108.69,100.91,1.0,1.0,5.0,0.0,83029200000.0,257361000000.0,250300000000.0,39.0,-358792.08,-273289.04,-29687.47,18754.89,41.03,5.23,26.91,70.73,2.94,56.62,87.56,3.31,8.02,2705.0,2960.0,2705.0,70.85,69.0,139.85,5.170055452865065,0.61974,0.61974,0.61974,0.31731,48.79949656307484,-0.2877949999999999,25,54,0.6416848428505024,4.0,9.42698706099816,0,-4.256931608133095,2022-01-31,448.0,424.4195251464844,0.20512,0.205115,0.2051173611111111,-5.000000000005e-06,-2.6388888888784212e-06,1,0.25877,0.17097,0.0877999999999999,0.00975,0.566694000273336,0.6060756662732186,0.9281045751633988,0.250959956014483,0.1819766350542542,0.0231433649457457,1.379077901619965,1.29,-0.3109094740503389,1.1162994539622402,-0.0993208933853074,0.0228948023988351,-0.0551283959707864,-0.0581942485929675,1,24.829999923706055,26.850000381469727,4.317999923706054
XOM,2021-12-31,2022-02-01,1.0,61.19,63.93,32.1,26.44,1.93,5.44,4.73,25.0,5.17,5.02,5.01,4.76,3.0,1.0,13.0,2.0,97220300000.0,348455000000.0,270907000000.0,18.0,1760.8,1445.76,204.27,99.84,58.27,9.02,-3.72,1153.33,43.64,202.86,1456.64,4.98,12.54,76.0,81.0,76.0,1.46,1.505,2.965,3.901315789473684,0.46365,0.46365,0.46365,0.31731,31.56260109996765,-0.16585,2599,6666,0.6098828353003146,4.0,6.578947368421062,0,-2.677631578947378,2022-01-31,448.0,424.4195251464844,0.20512,0.205115,0.2051173611111111,-5.000000000005e-06,-2.6388888888784212e-06,1,0.25877,0.17097,0.0877999999999999,0.00975,0.566694000273336,0.6060756662732186,0.9281045751633988,0.250959956014483,0.1819766350542542,0.0231433649457457,1.379077901619965,1.29,-0.3109094740503389,1.1162994539622402,-0.0993208933853074,0.0228948023988351,-0.0551283959707864,-0.0581942485929675,1,24.829999923706055,26.850000381469727,4.317999923706054
AMZN,2021-12-31,2022-02-03,1.0,3350.44,3518.99,-17.12,-21.09,0.18,45.8,38.0,47.0,40.96,40.98,40.93,40.88,0.0,0.0,2.0,2.0,138978000000.0,473098000000.0,462421000000.0,48.0,-141479.2,-98186.72,-14963.2,9806.38,15.26,-2.01,32.8,-50.0,-59.21,8.52,-21.67,2.61,-2.06,3010.0,3155.0,3010.0,88.225,86.875,175.1,5.8172757475083055,0.98071,0.99046,0.9855849999999999,0.36121000000000003,63.35070034548009,-0.6194949999999999,214,387,0.5344127718438896,2.0,4.817275747508298,1,1.000000000000007,2022-02-02,455.0,431.43804931640625,0.17585,0.1845642857142857,0.1833029166666666,0.0087142857142857,0.0074529166666666,0,0.22951,0.13195,0.0975599999999999,0.0048799999999999,0.3666803334700014,0.4242405417158478,0.8258064516129032,0.1782175852063831,0.1874977702565632,-0.0116477702565632,0.9505050911406489,1.37,0.044521848795504,0.7113000591170253,-0.3600410578640001,0.0553097434312626,-0.0426198321536195,-0.0426198321536195,1,22.09000015258789,25.13999938964844,4.50500015258789
JPM,2022-03-31,2022-04-13,0.0,130.17,168.23,-2.2,-24.33,2.69,2.95,2.43,20.0,2.73,2.81,2.8,2.94,1.0,0.0,2.0,5.0,30856300000.0,32984000000.0,29361600000.0,16.0,16672.8,14272.64,786.67,729.94,-2.01,309.64,-2.29,8.47,-6.2,51.91,66.3,23.96,19.23,132.0,126.0,132.0,2.355,2.785,5.140000000000001,3.893939393939394,0.65876,0.65876,0.65876,0.24414,62.93946201955188,-0.32681499999999997,1183,1456,0.7198023826647072,2.0,4.545454545454541,0,-0.6515151515151474,2022-04-12,438.0,414.7423400878906,0.21,0.2134821428571428,0.2148749999999999,0.0034821428571428,0.0048749999999999,0,0.24902,0.17097,0.0780499999999999,-5.000000000005e-06,0.4062780269058296,0.525010250102501,0.8374384236453202,0.1328718166718173,0.1882443044642049,0.021755695535795,0.7058477389263228,1.39,-0.3674978612281819,0.5450057175961538,-0.7375402567463502,-0.028246559212042,0.0543204457504615,-0.0503953111865903,0,24.260000228881836,27.170000076293945,3.260000228881836
JNJ,2022-03-31,2022-04-19,1.0,174.84,166.58,4.71,9.91,2.59,2.77,2.16,14.0,2.6,2.61,2.59,2.62,1.0,0.0,2.0,4.0,23638300000.0,24325000000.0,22647000000.0,12.0,7316.0,6462.72,361.07,311.32,-4.65,237.39,3.52,14.52,-18.08,11.79,6.13,4.7,2.71,177.5,185.0,177.5,2.2,1.865,4.065,2.290140845070423,0.28804,0.25877,0.273405,0.170975,37.4645672171321,-0.078045,374,857,0.8327698549299237,4.0,4.225352112676051,0,-1.9352112676056277,2022-04-18,439.0,414.439453125,0.195365,0.20512,0.2053988571428571,0.0097549999999999,0.0100338571428571,0,0.21975,0.16122,0.05853,-0.0048799999999999,0.3125240230621398,0.4500051250512505,0.7669902912621359,0.1781615371279975,0.1635527069788645,0.0318122930211354,1.0893218487115646,1.24,-1.096689562644782,0.8680057139549363,0.2807067553628516,-0.0214494451228949,-0.0039437085823134,-0.0510888089377011,0,22.170000076293945,25.75,2.633500076293945
TSLA,2022-03-31,2022-04-20,0.0,921.16,996.27,6.08,-1.91,2.26,2.62,1.56,25.0,2.26,2.24,2.24,2.08,1.0,0.0,4.0,2.0,17795700000.0,19642800000.0,14331000000.0,25.0,24933.6,26748.0,-1560.53,1074.54,70.67,291.24,71.85,214.81,37.1,127.23,235.36,4.26,6.1,1030.0,1010.0,1030.0,29.625,31.625,61.25,5.946601941747573,0.82461,0.82461,0.82461,0.619745,24.84386558494318,-0.28291999999999995,2157,19679,0.622114077148787,3.0,1.9417475728155331,1,4.0048543689320395,2022-04-19,443.0,421.1296997070313,0.1831675,0.195365,0.1957828571428571,0.0121975,0.0126153571428571,0,0.234385,0.1417,0.092685,0.0048749999999999,0.2343850096092249,0.3874923124231243,0.714975845410628,0.1827817917712718,0.1688019972940544,0.0143655027059456,1.0828177077363872,1.74,1.6256577631824884,0.9357309999879336,0.4614099123396926,0.0116385982130984,0.0011698810160269,-0.0357706489392104,0,21.3700008392334,25.059999465942383,3.053250839233396
MSFT,2022-03-31,2022-04-26,1.0,303.68,296.71,-11.02,-8.93,2.18,2.29,2.14,29.0,2.18,2.19,2.19,2.17,1.0,0.0,2.0,2.0,49033300000.0,49719000000.0,48593000000.0,30.0,-404.0,1246.88,-619.73,1149.23,20.09,0.0,20.31,154.0,-48.79,22.46,24.31,0.16,1.46,280.0,282.5,280.0,8.775,7.949999999999999,16.725,5.9732142857142865,0.7173,0.70754,0.71242,0.46852499999999997,34.23472109149098,-0.33170000000000005,1286,9483,0.7025781177894229,4.0,0.8928571428571397,1,5.080357142857147,2022-04-25,429.0,405.48779296875,0.234385,0.234385,0.2331314285714286,0.0,-0.0012535714285714,1,0.27829,0.19048,0.0878099999999999,0.0,0.6666793212102806,0.6499846248462485,0.8815165876777251,0.2745135785236783,0.182733440422859,0.051651559577141,1.5022624095974613,1.47,0.4013002355881615,1.8973625291860636,1.508274749100963,-0.0215994401323323,-0.048791189532899,-0.0715847593999514,0,27.020000457763672,29.06999969482422,3.5815004577636707
GOOGL,2022-03-31,2022-04-26,0.0,2833.46,2584.66,-16.25,-8.19,25.96,31.66,22.94,34.0,25.73,25.83,25.85,25.08,0.0,0.0,6.0,1.0,68096400000.0,70717500000.0,65585000000.0,32.0,-358411.28,-308138.96,-34824.53,21775.6,41.15,295.65,42.77,36.61,9.29,67.2,90.94,3.36,7.96,2465.0,2290.0,2465.0,90.85,93.1,183.95,7.462474645030426,0.90266,0.89291,0.897785,0.50267,44.00998011773421,-0.47804,0,116,0.4464231585328888,4.0,7.099391480730222,1,0.36308316430020415,2022-04-25,429.0,405.48779296875,0.234385,0.234385,0.2331314285714286,0.0,-0.0012535714285714,1,0.27829,0.19048,0.0878099999999999,0.0,0.6666793212102806,0.6499846248462485,0.8815165876777251,0.2745135785236783,0.182733440422859,0.051651559577141,1.5022624095974613,1.47,0.4013002355881615,1.8973625291860636,1.508274749100963,-0.0215994401323323,-0.048791189532899,-0.0715847593999514,0,27.020000457763672,29.06999969482422,3.5815004577636707
AAPL,2022-03-31,2022-04-28,1.0,178.96,170.33,-8.56,-3.93,1.43,1.56,1.34,29.0,1.43,1.43,1.43,1.33,0.0,0.0,2.0,2.0,93892800000.0,100444000000.0,90042000000.0,26.0,-48502.4,-46959.04,-567.47,1246.42,11.22,0.0,22.89,173.33,-60.95,21.01,23.72,3.98,3.38,157.5,157.5,157.5,3.875,4.825,8.7,5.523809523809523,0.93193,0.94168,0.936805,0.4295,54.15267851900876,-0.526815,3987,10507,0.6782429112316475,2.0,0.0,1,5.523809523809523,2022-04-27,418.0,394.8515625,0.26853,0.2602715384615384,0.253895,-0.0082584615384615,-0.014635,1,0.31731,0.22951,0.0877999999999999,0.0048799999999999,0.8771803632440208,0.8249794997949979,0.9577464788732394,0.2626282409258077,0.200590341250268,0.0679396587497319,1.3092766046902409,1.42,0.1572719994997339,0.8550979534710629,-0.0207525075725452,-0.0617032978508622,-0.0847536686085018,-0.0959377452134681,0,31.600000381469727,32.20000076293945,4.747000381469729
AMZN,2022-03-31,2022-04-28,0.0,3386.3,2879.56,-14.6,0.43,8.36,11.6,5.96,40.0,8.44,8.5,8.5,10.31,3.0,0.0,4.0,2.0,116297000000.0,120000000000.0,113266000000.0,41.0,-141232.8,-117614.24,-12312.53,9682.38,21.7,323.98,24.07,-58.57,-6.45,23.36,8.65,2.46,-0.63,2765.0,2480.0,2765.0,92.30000000000001,94.3,186.60000000000002,6.74864376130199,1.1368,1.14656,1.14168,0.517305,54.68914231658608,-0.66828,7,177,1.0016236929271936,2.0,10.307414104882461,0,-3.5587703435804716,2022-04-27,418.0,394.8515625,0.26853,0.2602715384615384,0.253895,-0.0082584615384615,-0.014635,1,0.31731,0.22951,0.0877999999999999,0.0048799999999999,0.8771803632440208,0.8249794997949979,0.9577464788732394,0.2626282409258077,0.200590341250268,0.0679396587497319,1.3092766046902409,1.42,0.1572719994997339,0.8550979534710629,-0.0207525075725452,-0.0617032978508622,-0.0847536686085018,-0.0959377452134681,0,31.600000381469727,32.20000076293945,4.747000381469729
XOM,2022-03-31,2022-04-29,0.0,83.78,75.28,1.75,13.24,2.12,2.3,1.64,17.0,2.11,2.09,1.82,1.68,3.0,0.0,8.0,0.0,92732500000.0,143403000000.0,78866000000.0,7.0,2029.6,1636.64,59.2,177.09,54.95,284.87,51.59,6733.33,29.75,188.71,181.56,18.9,25.17,87.5,86.0,87.5,1.27,1.48,2.75,3.1428571428571432,0.77583,0.72706,0.751445,0.444135,40.89587394952392,-0.38048000000000004,1246,2863,0.6668985507246377,1.0,1.7142857142857126,1,1.4285714285714306,2022-04-28,426.0,404.8253173828125,0.24658,0.2415123076923077,0.2392617142857143,-0.0050676923076923,-0.0073182857142856,1,0.3051125,0.1880425,0.11707,-2.4999999999886224e-06,0.7192950908110052,0.7124846248462484,0.9018691588785048,0.3713793709812932,0.2177637776653228,0.0288162223346771,1.7054230734004778,1.46,0.3969324718856656,0.592882560688126,-0.4666511687261594,-0.0233985627184049,-0.0731015804761342,-0.0731015804761342,0,29.989999771118164,31.149999618530273,5.331999771118166
WMT,2022-04-30,2022-05-17,0.0,157.08,133.53,-16.38,-1.63,1.48,1.67,1.41,29.0,1.47,1.47,1.47,1.65,1.0,0.0,5.0,0.0,138883000000.0,144122000000.0,135150000000.0,25.0,-32675.23,-27878.56,-2384.41,278.42,,,3.15,-37.93,-62.76,,,,,148.0,120.0,148.0,3.325,3.075,6.4,4.324324324324325,0.52218,0.51243,0.517305,0.48804000000000003,5.657204163887839,-0.23901500000000003,1742,3950,1.080089516749423,4.0,18.918918918918916,0,-14.594594594594591,2022-05-16,400.0,378.5946960449219,0.25877,0.253895,0.2497121428571428,-0.004875,-0.0090578571428571,1,0.28804,0.21975,0.06829,-0.004875,0.718728979147314,0.7749589995899959,0.8893805309734514,0.2290793699893799,0.3178126754332579,-0.0590426754332579,0.7207999796643969,1.27,-0.6945827100251061,0.7949943337190742,-0.5751152518812772,0.0048221910206778,-0.086114429152601,-0.1331598831989077,0,27.469999313354492,29.510000228881836,1.5929993133544933
NVDA,2022-04-30,2022-05-25,0.0,199.02,237.48,-14.71,-28.52,1.29,1.33,1.23,31.0,1.29,1.29,1.29,1.29,0.0,0.0,1.0,0.0,8116880000.0,8326850000.0,8006300000.0,32.0,-59303.68,-48080.16,-4880.96,3290.07,,,65.1,-100.0,-151.28,,,,,162.5,177.5,162.5,8.3,9.15,17.450000000000003,10.73846153846154,1.49777,1.47826,1.4880149999999999,0.7173,51.794840777814734,-0.7853499999999999,667,6355,0.8068627753236057,3.0,9.23076923076922,1,1.50769230769232,2022-05-24,394.0,372.7277221679687,0.26853,0.2625345714285714,0.2582476785714286,-0.0059954285714285,-0.0102823214285713,1,0.302675,0.23926,0.063415,0.0024375,0.7307707470924499,0.8249794997949979,0.918103448275862,0.3436405155790348,0.3426964256902685,-0.0741664256902684,1.0027548868852798,1.55,1.852675273087256,0.5545816378159814,-0.9541093937577684,-0.0353400707780802,-0.0807917559266845,-0.1465930569171247,0,29.450000762939453,30.739999771118164,2.597000762939455
JPM,2022-06-30,2022-07-14,0.0,114.06,126.12,-5.31,-14.37,2.91,3.18,2.5,20.0,2.95,2.92,2.75,2.73,0.0,0.0,4.0,2.0,31951300000.0,33384000000.0,31093000000.0,14.0,16538.4,15460.0,67.2,848.46,-3.84,-74.58,-3.12,-42.7,-21.02,-39.88,-43.14,-17.85,-21.51,112.0,113.0,112.0,2.12,2.2350000000000003,4.355,3.8883928571428577,0.64901,0.66852,0.658765,0.29292,55.534978330664195,-0.30243500000000006,1330,4979,0.7491096372438207,2.0,0.8928571428571397,1,2.995535714285718,2022-07-13,379.0,360.0253601074219,0.24902,0.2453019047619047,0.24414,-0.0037180952380952,-0.0048799999999999,1,0.27829,0.21975,0.0585399999999999,0.0,0.3158008307708905,0.682925,0.8007968127490039,0.165259787284214,0.2658083908418225,-0.0167883908418225,0.621725246373268,1.76,2.9633506629200266,1.5793225206389911,1.3870921326197407,-0.0115330118072481,-0.0239444593781886,-0.145096248595428,0,26.81999969482422,28.559999465942383,1.9179996948242213
JNJ,2022-06-30,2022-07-19,1.0,169.46,183.89,1.32,-6.63,2.57,2.7,2.41,14.0,2.57,2.57,2.55,2.64,0.0,0.0,0.0,0.0,23774100000.0,24763300000.0,23199000000.0,12.0,7572.0,7002.56,115.73,308.77,4.95,-70.25,3.11,3.09,25.35,-18.59,-10.66,-0.79,-4.56,175.0,170.0,175.0,2.1950000000000003,2.94,5.135,2.934285714285714,0.34658,0.34658,0.34658,0.22951,33.778636966934044,-0.136585,538,1126,0.7101286934010405,4.0,2.857142857142858,1,0.07714285714285607,2022-07-18,383.0,362.9905395507813,0.234385,0.23926,0.234385,0.0048749999999999,0.0,0,0.26853,0.20024,0.0682899999999999,0.0,0.1579004153854454,0.60975,0.7131474103585658,0.1831497009724363,0.2342262132498832,0.0001587867501168,0.7819351149098068,1.49,1.038938059425011,0.7602817604025578,-0.3505491164268947,-0.0059339882563812,0.011603120382948,-0.1243208677344314,0,25.299999237060547,27.81999969482422,1.8614992370605457
TSLA,2022-06-30,2022-07-20,1.0,650.28,1008.78,14.18,-26.4,0.0,0.0,0.0,0.0,1.98,2.1,2.19,2.34,0.0,0.0,0.0,3.0,17092100000.0,19892000000.0,15349100000.0,20.0,22268.0,25433.12,372.27,2489.4,80.54,-65.15,73.26,245.16,25.88,268.97,506.57,7.79,13.49,735.0,815.0,735.0,25.4,24.025,49.425,6.724489795918368,0.92217,0.93193,0.92705,0.62462,32.62283587724503,-0.28779500000000013,1658,8221,0.9612066022979227,3.0,10.88435374149659,0,-4.159863945578222,2022-07-19,393.0,372.7982177734375,0.22463,0.22951,0.22951,0.0048799999999999,0.0048799999999999,0,0.25877,0.20024,0.05853,0.004875,0.0526514538490585,0.560975,0.6772908366533864,0.2505088043869988,0.2157024678987064,0.0089275321012935,1.1613627179483057,1.45,0.7023523679976547,0.8818351029417818,-0.0257251342674163,0.0300396455392992,0.0744972688650618,-0.0817963546061857,0,24.5,27.309999465942383,2.036999999999999
GOOGL,2022-06-30,2022-07-26,0.0,2359.5,2285.89,-95.55,-95.41,1.3,1.54,1.12,34.0,26.25,26.45,26.55,27.8,0.0,0.0,0.0,3.0,69987600000.0,72102000000.0,66847000000.0,31.0,-413806.48,-344433.68,-18405.33,26342.94,22.95,-73.6,40.44,-6.11,-19.61,-5.45,22.25,0.05,-0.17,107.5,113.0,107.5,3.75,3.7,7.45,6.930232558139535,0.83437,0.82461,0.82949,0.3856,53.51360474508433,-0.4097449999999999,593,1350,0.8619838837025684,4.0,5.116279069767438,1,1.8139534883720971,2022-07-25,396.0,375.93450927734375,0.20512,0.21975,0.2249785714285714,0.01463,0.0198585714285714,0,0.23926,0.19048,0.0487799999999999,0.00975,0.0,0.463425,0.6095617529880478,0.2094921865973062,0.2054833842728905,-0.0003633842728905,1.0195091313032487,1.53,1.204941350826244,0.4611363794470773,-1.197683844747053,0.0356592481517046,0.0463156015378143,-0.0740716548769223,0,23.36000061035156,25.799999237060547,2.848000610351562
AAPL,2022-06-30,2022-07-28,1.0,137.44,157.65,14.49,-0.19,1.16,1.31,1.07,29.0,1.16,1.16,1.16,1.25,2.0,0.0,8.0,0.0,82807900000.0,88405000000.0,79261900000.0,26.0,-48300.8,-47001.6,-701.87,1160.38,8.59,-21.52,14.63,8.57,85.37,6.64,9.0,1.24,0.12,157.5,162.5,157.5,2.69,3.425,6.115,3.8825396825396825,0.64901,0.65876,0.653885,0.239265,63.40870336527066,-0.326815,25618,37031,1.005881023211234,2.0,3.1746031746031855,1,0.707936507936497,2022-07-27,401.0,381.1329345703125,0.209995,0.2131321428571428,0.2204514285714285,0.0031371428571428,0.0104564285714285,0,0.24902,0.18073,0.0682899999999999,0.0048799999999999,0.0555239179954441,0.4877999999999999,0.6135458167330677,0.2433696071084582,0.200981205591232,0.0090137944087679,1.2109072905226688,1.47,0.6500647847170512,0.6744530922198612,-0.3072153207696458,0.0158826788372294,0.0320389989399443,-0.0612679105810948,0,23.239999771118164,25.309999465942383,2.2404997711181664
AMZN,2022-06-30,2022-07-28,1.0,107.4,2485.63,13.85,-95.08,0.13,0.41,-0.08,37.0,0.15,0.17,3.12,10.74,1.0,0.0,1.0,3.0,119093000000.0,121000000000.0,105339000000.0,40.0,-159130.4,-135480.48,-5846.4,9398.56,7.3,-75.22,19.2,-53.16,27.59,-21.44,-58.61,0.39,-5.02,121.0,135.0,121.0,3.675,3.725,7.4,6.115702479338844,1.02949,1.03924,1.034365,0.356335,65.55036181618674,-0.595105,3949,10636,0.8818120065620835,2.0,11.570247933884303,0,-5.4545454545454595,2022-07-27,401.0,381.1329345703125,0.209995,0.2131321428571428,0.2204514285714285,0.0031371428571428,0.0104564285714285,0,0.24902,0.18073,0.0682899999999999,0.0048799999999999,0.0555239179954441,0.4877999999999999,0.6135458167330677,0.2433696071084582,0.200981205591232,0.0090137944087679,1.2109072905226688,1.47,0.6500647847170512,0.6744530922198612,-0.3072153207696458,0.0158826788372294,0.0320389989399443,-0.0612679105810948,0,23.239999771118164,25.309999465942383,2.2404997711181664
XOM,2022-06-30,2022-07-29,1.0,88.12,85.25,10.0,13.7,3.74,4.1,2.56,18.0,3.74,3.02,2.91,2.42,4.0,0.0,14.0,0.0,132701000000.0,206437000000.0,90416200000.0,7.0,1893.6,1809.92,406.93,467.99,52.44,-68.29,60.04,218.46,0.98,99.09,131.14,-2.16,2.37,93.0,95.0,93.0,1.15,1.465,2.615,2.8118279569892475,0.67828,0.65876,0.66852,0.395355,40.86115598635792,-0.312185,7944,7857,0.4919877223779167,1.0,2.1505376344086002,1,0.6612903225806472,2022-07-28,408.0,385.9132385253906,0.1969883333333333,0.2037257142857143,0.2059914285714285,0.0067373809523809,0.0090030952380952,0,0.21975,0.18073,0.03902,0.0032516666666666,0.0,0.4227666666666667,0.545816733067729,0.2481022182848188,0.1872705237914871,0.0097178095418462,1.32483325865561,1.44,0.4160135161836654,1.5551766823561253,2.3431161711843584,0.0182553293393115,0.066780558004567,-0.0494940009742878,0,22.329999923706055,24.329999923706055,2.631166590372718
WMT,2022-07-31,2022-08-16,1.0,129.07,122.43,7.98,13.84,0.0,0.0,0.0,0.0,1.81,1.81,1.82,1.91,0.0,0.0,0.0,0.0,150745000000.0,151977000000.0,146003000000.0,26.0,-35019.84,-30152.97,-763.4,2274.27,2.36,,3.01,-23.08,140.72,-14.64,-23.03,-0.8,-1.24,133.0,140.0,133.0,2.9000000000000004,3.25,6.15,4.62406015037594,0.55145,0.55145,0.55145,0.209995,61.91948499410644,-0.297555,3007,5595,1.031237304202591,4.0,5.263157894736836,0,-0.6390977443608961,2022-08-15,429.0,407.5718994140625,0.17585,0.1888583333333333,0.1984980357142857,0.0130083333333333,0.0226480357142856,0,0.20024,0.15146,0.0487799999999999,0.0,0.1052546396201987,0.317075,0.4262948207171315,0.1706546929310794,0.1833857501074099,-0.0075357501074099,0.9305777184493677,1.2,-1.4249458635967194,1.9630207166227025,1.256967739085192,0.0384268722187457,0.1135460779967416,0.0,0,19.950000762939453,23.31999969482422,2.3650007629394523
NVDA,2022-07-31,2022-08-24,1.0,170.24,178.51,1.16,-3.52,0.0,0.0,0.0,0.0,1.25,1.26,1.26,1.35,0.0,0.0,1.0,0.0,8101610000.0,8200800000.0,7883800000.0,30.0,-61888.64,-51782.21,-4065.39,3771.77,46.41,,53.64,48.63,326.67,-7.19,-4.5,1.42,-12.01,172.5,180.0,172.5,5.175000000000001,5.8,10.975000000000001,6.362318840579712,0.88315,0.87339,0.87827,0.62462,28.880640349778545,-0.33658,1857,9689,0.8174945672229283,3.0,4.347826086956519,1,2.014492753623193,2022-08-23,412.0,391.8815002441406,0.2173125,0.2152233928571428,0.2251523214285714,-0.0020891071428571,0.0078398214285714,0,0.25877,0.17585,0.08292,-2.4999999999886224e-06,0.617636418450407,0.5243875,0.6254980079681275,0.1487297646791609,0.1885487915992619,0.028763708400738,0.788813141774297,1.28,-0.9372003219321924,0.4169555861933941,-0.8572890193702679,-0.0403770794227662,0.0424195985557476,-0.0403770794227662,0,24.11000061035156,25.920000076293945,2.378750610351563
JPM,2022-09-30,2022-10-14,1.0,116.12,112.95,-4.25,-1.56,2.88,3.24,2.4,20.0,2.91,2.92,2.95,2.95,0.0,0.0,3.0,5.0,32090600000.0,34153000000.0,30454000000.0,15.0,16202.4,16330.08,22.4,428.65,7.5,5.83,-0.57,-26.98,4.94,-26.0,-28.03,-16.39,-15.68,109.0,116.0,109.0,2.5700000000000003,2.2649999999999997,4.835,4.435779816513762,1.03924,1.06851,1.0538750000000001,0.3856,63.41122049578936,-0.6585150000000002,1507,2920,1.0058450317230354,1.0,6.422018348623859,0,-1.9862385321100975,2022-10-13,367.0,349.232421875,0.2945466666666667,0.2817721428571428,0.27341,-0.0127745238095238,-0.0211366666666667,1,0.3238166666666667,0.2750366666666666,0.04878,0.0048799999999999,0.8769594701151245,0.9105560972357644,0.9601593625498008,0.3086725057633999,0.2582356580575361,0.0363110086091306,1.1953132579956338,1.72,1.9984586988194668,1.5801011120099913,0.0661201118515926,-0.0193732021860321,-0.0687448411768061,-0.1448143471147208,0,31.940000534057617,31.799999237060547,2.485333867390942
JNJ,2022-09-30,2022-10-18,1.0,167.6,170.71,-0.95,-2.75,2.48,2.64,2.21,14.0,2.52,2.52,2.52,2.6,0.0,0.0,1.0,1.0,23336300000.0,23762300000.0,22536000000.0,12.0,7636.0,7388.32,181.33,98.72,3.04,2.54,0.15,4.44,-3.0,-10.76,1.79,-0.42,-0.33,167.5,165.0,167.5,1.895,2.48,4.375,2.6119402985074625,0.32707,0.28804,0.307555,0.21975499999999998,28.54773942872008,-0.08780500000000002,3202,4409,0.6689165497896213,4.0,1.4925373134328401,1,1.1194029850746223,2022-10-17,368.0,350.04364013671875,0.29292,0.28804,0.27341,-0.0048799999999999,-0.01951,1,0.30755,0.26853,0.03902,-0.00488,0.8615675760920992,0.902422560564014,0.952191235059761,0.3400045858515156,0.284016258927044,0.0089037410729559,1.1971307105303908,1.46,0.2520084888499618,0.9792568272120176,-0.3867732999867421,0.0188879562840986,-0.0486046287484184,-0.1428278699856623,0,31.3700008392334,31.739999771118164,2.078000839233397
TSLA,2022-09-30,2022-10-19,1.0,309.07,815.12,-28.16,-72.76,1.0,1.23,0.77,26.0,1.01,1.05,3.08,3.08,0.0,0.0,4.0,1.0,21961800000.0,24227000000.0,18293000000.0,25.0,25916.0,24444.96,364.8,2239.78,41.61,-9.71,64.83,58.33,-28.97,69.89,87.8,0.88,3.58,220.0,207.5,220.0,8.9,8.575,17.475,7.943181818181818,1.10753,1.08802,1.097775,0.82949,24.43897884356995,-0.41949499999999995,14446,49579,0.8284040858401275,3.0,5.681818181818176,1,2.261363636363642,2022-10-18,373.0,354.1564025878906,0.283165,0.2775928571428571,0.2645795238095238,-0.0055721428571428,-0.0185854761904761,1,0.2978,0.26853,0.02927,0.0,0.7692635231036115,0.8536463411585289,0.9203187250996016,0.3302342359437298,0.2861112551721108,-0.0029462551721108,1.1542161658235943,1.24,-1.3689986094998254,0.909595029444847,-0.464107392578778,0.0374291667229109,-0.0448334943934057,-0.1327567104321361,0,30.5,30.979999542236328,2.1834999999999987
GOOGL,2022-09-30,2022-10-25,0.0,98.74,113.06,5.81,-7.59,1.25,1.5,1.06,36.0,1.27,1.27,1.27,1.39,0.0,0.0,3.0,1.0,70605700000.0,73015000000.0,66467000000.0,31.0,-414008.08,-375202.32,-18674.13,23953.07,12.61,2.46,33.12,-11.03,-1.63,-8.04,0.48,-0.82,-3.37,105.5,95.0,105.0,2.145,4.550000000000001,6.695,6.345971563981043,0.74657,0.73681,0.74169,0.48316,34.85688090711753,-0.33657999999999993,6428,13829,0.6951691799295981,4.0,9.952606635071092,0,-3.606635071090049,2022-10-24,380.0,361.54241943359375,0.27829,0.2758475,0.2681814285714285,-0.0024424999999999,-0.0101085714285714,1,0.2978,0.26853,0.02927,0.004875,0.5715331673744324,0.826450481587842,0.896414342629482,0.2207382687411196,0.2884304562258291,-0.0101404562258291,0.7653084616289298,1.27,-1.136988417218057,1.2509426582350331,0.2205854031345057,0.0328495592503377,0.0296778201708007,-0.1146701433130181,0,29.850000381469727,30.329999923706055,2.0210003814697295
MSFT,2022-09-30,2022-10-25,1.0,237.92,268.74,5.35,-6.73,2.3,2.38,2.23,32.0,2.31,2.32,2.32,2.48,0.0,0.0,1.0,2.0,49610700000.0,50216000000.0,48572000000.0,30.0,-314.4,1083.36,-709.33,1098.8,18.35,-4.58,20.07,13.85,74.8,17.6,19.45,-0.35,0.38,247.5,232.5,247.5,6.6,6.699999999999999,13.299999999999999,5.373737373737374,0.64901,0.63925,0.64413,0.39048,39.37869684690978,-0.25365,1811,4274,0.7513365628372782,4.0,6.060606060606055,0,-0.6868686868686815,2022-10-24,380.0,361.54241943359375,0.27829,0.2758475,0.2681814285714285,-0.0024424999999999,-0.0101085714285714,1,0.2978,0.26853,0.02927,0.004875,0.5715331673744324,0.826450481587842,0.896414342629482,0.2207382687411196,0.2884304562258291,-0.0101404562258291,0.7653084616289298,1.27,-1.136988417218057,1.2509426582350331,0.2205854031345057,0.0328495592503377,0.0296778201708007,-0.1146701433130181,0,29.850000381469727,30.329999923706055,2.0210003814697295
AMZN,2022-09-30,2022-10-27,0.0,114.41,134.95,-3.02,-17.78,0.21,0.39,-0.05,35.0,0.22,0.22,0.22,0.32,1.0,0.0,5.0,1.0,127455000000.0,130459000000.0,122586000000.0,38.0,-159018.4,-146689.44,-5958.4,7789.6,7.21,4.11,16.27,-76.32,-51.35,-17.2,-56.93,1.96,-4.07,116.5,103.0,116.0,4.1,4.4,8.5,7.296137339055794,1.24412,1.24412,1.24412,0.4734,61.94900813426357,-0.7560849999999999,4319,9013,0.8669627003009736,2.0,11.587982832618026,0,-4.291845493562232,2022-10-26,384.0,364.5484619140625,0.258775,0.2573789285714286,0.2504128571428571,-0.0013960714285713,-0.0083621428571428,1,0.26853,0.24902,0.01951,0.0,0.2857665836872159,0.727261175633434,0.7689243027888446,0.2305703244307818,0.2911344287705567,-0.0323594287705567,0.7919720295688372,1.4,0.0622803615091766,1.0448529503115311,-0.0747105677745645,0.0366895636713395,0.0512962543460326,-0.1073090730336364,0,27.280000686645508,28.459999084472656,1.40250068664551
XOM,2022-09-30,2022-10-28,1.0,88.86,96.93,24.58,14.21,3.79,4.41,2.71,17.0,3.76,3.44,3.38,3.38,1.0,0.0,15.0,0.0,115601000000.0,159757000000.0,88122000000.0,7.0,2981.6,1990.08,915.73,745.52,68.73,26.82,57.58,276.36,100.0,156.91,323.05,4.39,11.25,108.0,111.0,108.0,1.71,1.865,3.575,3.3101851851851856,0.85388,0.72706,0.79047,0.405115,48.75011069363796,-0.439015,2952,4383,0.5732908308713005,1.0,2.777777777777768,1,0.5324074074074177,2022-10-27,377.0,362.6017456054687,0.2522733333333333,0.2532,0.24902,0.0009266666666666,-0.0032533333333333,1,0.2978,0.21,0.0878,0.0016266666666666,0.1905598672328796,0.694215016052928,0.6972111553784861,0.2181730571425541,0.2854073778337158,-0.0331340445003824,0.7644268301629756,1.41,0.1512523065222904,0.2931253409743122,-1.449137869736744,0.0398729579718084,0.0255038735603612,-0.1120761099782848,0,27.38999938964844,28.280000686645508,2.162666056315103
WMT,2022-10-31,2022-11-15,1.0,130.43,139.52,13.04,5.68,1.32,1.4,1.27,29.0,1.32,1.31,1.31,1.55,2.0,0.0,6.0,0.0,147745000000.0,151843000000.0,144995000000.0,26.0,-32187.84,-31984.37,296.86,2264.11,8.37,7.97,5.04,-0.56,36.16,8.18,-6.8,-1.21,-0.73,138.0,149.0,138.0,4.175,3.8,7.975,5.778985507246377,0.68803,0.69779,0.69291,0.253895,63.35815618189953,-0.39999000000000007,87,1726,2.106950992576227,4.0,7.971014492753614,0,-2.1920289855072372,2022-11-14,396.0,377.04925537109375,0.22463,0.223005,0.2326430357142857,-0.0016249999999999,0.0080130357142857,0,0.23926,0.21,0.02926,0.0,0.1904715415405643,0.5384635601461273,0.4820717131474104,0.4478402012263529,0.2895161329090207,-0.0648861329090206,1.5468574988430264,1.27,-0.3405844077985628,0.7412544941856771,-0.5728813976068465,0.0399263752848821,0.1048289784851141,-0.0542703671560315,0,23.729999542236328,26.1299991607666,1.2669995422363272
NVDA,2022-10-31,2022-11-16,0.0,118.88,187.73,33.83,-15.25,0.69,0.78,0.61,31.0,0.7,0.7,0.71,1.32,2.0,0.0,2.0,2.0,5770780000.0,5998300000.0,5499990000.0,30.0,-61643.84,-56112.29,-1251.95,3858.96,3.03,-19.11,30.79,-50.96,-62.5,-66.5,-79.58,-21.3,-30.12,167.5,157.5,167.5,6.45,7.15,13.600000000000001,8.119402985074627,1.1368,1.11729,1.1270449999999999,0.6734,40.25083293036214,-0.5219349999999998,1867,8293,1.0257810311494004,3.0,5.970149253731338,1,2.149253731343289,2022-11-15,399.0,380.2651672363281,0.2295075,0.2232371428571428,0.2288085714285714,-0.0062703571428571,-0.0006989285714285,1,0.253895,0.20512,0.0487749999999999,-2.7755575615628914e-17,0.2380894269257054,0.5641015532602697,0.5059760956175299,0.4473127991148937,0.2801165994816588,-0.0506090994816588,1.5968807273207752,1.24,-0.6244047476306986,1.539021666562097,0.8997793287998327,0.0431674678176405,0.0863364553282715,-0.0462040917178971,0,24.540000915527344,26.59000015258789,1.5892509155273444
JPM,2022-12-31,2023-01-13,1.0,133.41,111.19,7.2,28.62,3.1,12.0,11.13,23.0,11.66,11.68,11.67,11.14,3.0,0.0,5.0,6.0,35636800000.0,132730000000.0,127737000000.0,19.0,16740.0,16545.12,418.13,551.08,31.34,19.19,3.63,-12.11,13.04,-14.13,-14.95,-23.93,-16.01,140.0,141.0,140.0,1.895,2.3499999999999996,4.244999999999999,3.0321428571428566,0.73681,0.7173,0.727055,0.21487499999999998,70.44583972326717,-0.478035,3437,2620,1.6331099342300541,1.0,0.7142857142857117,1,2.317857142857145,2023-01-12,399.0,380.5446472167969,0.1765471428571428,0.1842121428571428,0.190485,0.007665,0.0139378571428571,0,0.1918742857142857,0.16122,0.0306542857142857,2.7755575615628914e-17,0.0,0.1806827822926222,0.0756972111553784,0.1428801397811495,0.1887255610309563,-0.0121784181738134,0.7570788980604126,1.28,-0.1514978843498283,1.3086243766355303,-0.2391373536125926,0.046338871600509,-0.0004189207572028,-0.0218237616346668,1,18.829999923706055,21.579999923706055,1.1752856379917702
JNJ,2022-12-31,2023-01-24,1.0,177.48,172.21,-5.17,-2.26,2.24,10.1,10.0,20.0,10.05,10.05,10.05,10.04,0.0,0.0,2.0,1.0,24314700000.0,95802400000.0,93481000000.0,20.0,7860.0,7511.2,178.13,78.0,1.94,-0.95,-1.04,-1.92,-1.54,40.47,-15.21,-1.74,-4.95,167.5,170.0,167.5,2.6100000000000003,1.69,4.300000000000001,2.567164179104478,0.30755,0.2978,0.302675,0.166095,45.12430825142481,-0.12194500000000003,324,943,0.6383535606898593,4.0,1.4925373134328401,1,1.0746268656716378,2023-01-23,402.0,384.0628662109375,0.1786371428571428,0.183165,0.1814221428571429,0.0045278571428571,0.002785,0,0.2030285714285714,0.1640057142857142,0.0390228571428571,0.0048799999999999,0.1555431539144892,0.1932841509580227,0.0876494023904382,0.2227060922163645,0.1803656779857337,-0.0017285351285908,1.2347476232921644,1.31,0.0,5.474074459466876,3.55086652912298,0.0053451568897131,0.0527932000032123,-0.0127803070844486,1,19.809999465942383,21.600000381469727,1.9462851802280987
MSFT,2022-12-31,2023-01-24,1.0,238.73,231.32,1.39,4.63,2.29,9.75,9.23,25.0,9.31,9.3,9.32,9.33,1.0,0.0,2.0,1.0,47265600000.0,200132000000.0,195033000000.0,42.0,-135.2,-309.92,74.67,25.04,1.97,5.24,12.17,82.68,-1.28,-9.38,-8.31,-0.36,-4.34,242.5,240.0,242.5,6.2,5.85,12.05,4.969072164948454,0.60023,0.59047,0.59535,0.32219,45.8822541362224,-0.297555,2146,6918,0.5757706799431438,4.0,1.0309278350515427,1,3.938144329896911,2023-01-23,402.0,384.0628662109375,0.1786371428571428,0.183165,0.1814221428571429,0.0045278571428571,0.002785,0,0.2030285714285714,0.1640057142857142,0.0390228571428571,0.0048799999999999,0.1555431539144892,0.1932841509580227,0.0876494023904382,0.2227060922163645,0.1803656779857337,-0.0017285351285908,1.2347476232921644,1.31,0.0,5.474074459466876,3.55086652912298,0.0053451568897131,0.0527932000032123,-0.0127803070844486,1,19.809999465942383,21.600000381469727,1.9462851802280987
TSLA,2022-12-31,2023-01-25,1.0,123.15,225.09,17.28,-35.83,1.11,4.48,3.6,30.0,4.03,4.03,4.11,4.1,0.0,0.0,5.0,2.0,24840600000.0,87427500000.0,78236000000.0,37.0,26028.0,24439.84,1313.07,2239.0,55.95,26.69,64.06,69.35,38.16,67.96,84.03,-1.51,2.62,144.0,160.0,144.0,6.574999999999999,6.55,13.125,9.114583333333332,1.27338,1.25387,1.263625,0.7612,39.76060935799782,-0.570715,2297,24729,0.6792048083693794,3.0,11.111111111111116,0,-1.996527777777784,2023-01-24,402.0,383.6506652832031,0.1772435714285714,0.18073,0.1817746428571428,0.0034864285714285,0.0045310714285713,0,0.1918742857142857,0.1626128571428571,0.0292614285714285,0.0,0.1333227033552767,0.1848818029518039,0.0717131474103585,0.2221476887728344,0.1749328347909836,0.0023107366375878,1.269902754610162,1.25,-0.5196217461194366,0.4925318152606963,-0.828419963252196,0.0061090190963968,0.036170328858786,-0.0138398546457948,1,19.200000762939453,20.90999984741211,1.4756436200823089
XOM,2022-12-31,2023-01-31,1.0,110.3,109.61,5.18,5.84,3.28,14.4,13.32,24.0,13.95,13.89,13.84,13.49,0.0,0.0,13.0,1.0,86861500000.0,525409000000.0,393091000000.0,14.0,4776.8,2453.92,1050.67,745.52,48.16,-4.27,55.69,181.65,7.49,111.16,150.58,1.91,7.76,114.0,115.0,114.0,2.0,2.37,4.37,3.833333333333334,0.46365,0.45389,0.45877,0.33682,26.58194738104061,-0.17073000000000005,520,2605,0.7637842902380303,4.0,0.8771929824561431,1,2.956140350877191,2023-01-30,402.0,384.0245361328125,0.1835135714285714,0.185605,0.185605,0.0020914285714285,0.0020914285714285,0,0.2002399999999999,0.17097,0.0292699999999999,0.0020914285714285,0.2691862910008412,0.2226859089480054,0.1434262948207171,0.1341016474563996,0.1657757273807366,0.0177378440478347,0.8089341520330581,1.2,-0.6669001706192356,1.0785419150881908,-0.3806447178430743,-9.980157286004764e-05,0.0635320948167359,-0.01287883316256,1,19.940000534057617,21.3700008392334,1.588643391200474
AAPL,2022-12-31,2023-02-02,0.0,125.07,138.38,20.59,8.99,1.95,6.29,5.6,39.0,6.1,6.1,6.1,6.13,1.0,1.0,7.0,1.0,94944300000.0,396977000000.0,389326000000.0,38.0,-48345.6,-48368.0,-343.47,465.41,-5.48,41.22,3.67,129.27,56.67,-12.77,-13.19,-0.8,-2.73,146.0,155.0,146.0,2.71,3.2,5.91,4.0479452054794525,0.68803,0.67828,0.683155,0.31731,53.55226851885736,-0.3853599999999999,11164,11549,0.7931552739178067,2.0,6.164383561643838,0,-2.1164383561643856,2023-02-01,412.0,393.8123168945313,0.161215,0.166095,0.1699273214285714,0.0048799999999999,0.0087123214285714,0,0.18073,0.15146,0.0292699999999999,0.0048799999999999,0.0,0.0882397274727925,0.0119521912350597,0.1732024985619832,0.1633408333813348,-0.0021258333813347,1.060374769593745,1.26,-0.2353669270765228,2.4609279975919396,0.8548349949205057,0.026102374219695,0.0741835519029978,0.0,1,17.8700008392334,19.969999313354492,1.7485008392333974
AMZN,2022-12-31,2023-02-02,1.0,85.82,90.98,31.57,24.1,0.18,0.03,-0.32,37.0,-0.12,-0.1,-0.09,-0.09,2.0,0.0,4.0,0.0,147395000000.0,514609000000.0,504916000000.0,46.0,-159108.0,-151946.72,59.73,7776.31,14.7,4.84,16.16,-45.16,-5.56,-7.76,-47.96,1.5,-2.39,105.0,103.0,105.0,4.075,3.875,7.95,7.571428571428572,1.28314,1.28314,1.28314,0.400235,68.80815811213118,-0.907295,16117,19240,0.4248233912388031,2.0,1.904761904761909,1,5.6666666666666625,2023-02-01,412.0,393.8123168945313,0.161215,0.166095,0.1699273214285714,0.0048799999999999,0.0087123214285714,0,0.18073,0.15146,0.0292699999999999,0.0048799999999999,0.0,0.0882397274727925,0.0119521912350597,0.1732024985619832,0.1633408333813348,-0.0021258333813347,1.060374769593745,1.26,-0.2353669270765228,2.4609279975919396,0.8548349949205057,0.026102374219695,0.0741835519029978,0.0,1,17.8700008392334,19.969999313354492,1.7485008392333974
GOOGL,2022-12-31,2023-02-02,0.0,89.12,86.58,20.89,24.44,1.19,4.87,4.45,44.0,4.7,4.71,4.72,4.71,0.0,0.0,3.0,3.0,74668300000.0,285450000000.0,280587000000.0,41.0,-414433.68,-391751.44,-313.6,23851.16,6.1,-0.85,27.3,-24.29,-12.4,-22.93,-18.53,-2.68,-7.5,100.0,106.5,100.0,2.84,2.37,5.21,5.21,0.88315,0.87339,0.87827,0.31243,64.42665695059605,-0.546325,16753,8331,0.8725741293269612,2.0,6.499999999999995,0,-1.2899999999999947,2023-02-01,412.0,393.8123168945313,0.161215,0.166095,0.1699273214285714,0.0048799999999999,0.0087123214285714,0,0.18073,0.15146,0.0292699999999999,0.0048799999999999,0.0,0.0882397274727925,0.0119521912350597,0.1732024985619832,0.1633408333813348,-0.0021258333813347,1.060374769593745,1.26,-0.2353669270765228,2.4609279975919396,0.8548349949205057,0.026102374219695,0.0741835519029978,0.0,1,17.8700008392334,19.969999313354492,1.7485008392333974
JPM,2023-03-31,2023-04-14,1.0,128.26,143.01,8.16,-2.99,3.41,3.86,2.93,22.0,3.4,3.47,3.42,3.36,4.0,0.0,7.0,3.0,36187100000.0,38227000000.0,33953000000.0,17.0,17792.8,16603.36,1045.33,696.27,20.89,277.07,16.72,7.21,14.42,-21.15,-22.49,-23.96,-16.8,129.0,140.0,129.0,1.9449999999999998,1.96,3.905,3.0271317829457365,0.7173,0.72706,0.72218,0.18560500000000002,74.29934365393669,-0.45365000000000005,1564,3242,0.6815686200520735,1.0,8.52713178294573,0,-5.499999999999994,2023-04-13,416.0,397.8846130371094,0.15634,0.1633078571428571,0.1667921428571428,0.0069678571428571,0.0104521428571427,0,0.18073,0.1403071428571428,0.0404228571428571,0.0041785714285713,0.0,0.0,0.0,0.102322374562948,0.1435108534753165,0.0128291465246835,0.7129939797936413,1.36,0.0212084315058469,1.7228583637205734,0.1204027498840959,0.0144013134584206,0.059525674752767,-0.0041556519142181,1,17.799999237060547,20.260000228881836,2.165999237060543
JNJ,2023-03-31,2023-04-18,1.0,152.38,169.76,5.66,-5.15,2.5,2.59,2.34,16.0,2.51,2.52,2.52,2.58,0.0,0.0,2.0,1.0,23666400000.0,24463000000.0,23298000000.0,15.0,8106.4,7702.24,320.0,152.11,1.59,236.22,2.38,10.33,-7.84,-0.55,0.33,-1.03,-0.33,165.0,162.5,165.0,2.2750000000000004,1.52,3.7950000000000004,2.3000000000000003,0.26853,0.26853,0.26853,0.17585,34.513834580866195,-0.08780499999999997,7524,2523,0.31432864526986415,4.0,1.5151515151515138,1,0.7848484848484865,2023-04-17,417.0,398.3369445800781,0.1430942857142857,0.15634,0.1588923809523809,0.0132457142857143,0.0157980952380952,0,0.17097,0.13195,0.03902,0.0083657142857143,0.0,0.0,0.0,0.1087038164317319,0.13098694001787,0.0121073456964156,0.8298828602065363,1.18,-1.0419112482663886,0.8091449913302831,-0.584628380505793,0.0105710928017577,0.0490011038348112,-0.0030235352256938,1,16.950000762939453,19.649999618530273,2.6405721915108824
TSLA,2023-03-31,2023-04-19,0.0,183.25,127.17,-1.45,42.01,0.85,1.06,0.69,26.0,0.86,0.86,0.86,1.03,0.0,0.0,6.0,4.0,23208600000.0,25018600000.0,20231900000.0,22.0,26207.2,24508.32,97.07,1538.93,51.35,279.71,54.13,40.0,13.33,85.8,104.22,0.32,4.34,185.0,162.5,185.0,6.5,7.05,13.55,7.324324324324325,1.01973,1.00998,1.014855,0.66852,34.12655009828991,-0.4487700000000001,15445,40348,0.9192199925986905,3.0,12.16216216216216,0,-4.837837837837835,2023-04-18,417.0,398.5967102050781,0.1417,0.1559914285714286,0.1593569047619047,0.0142914285714285,0.0176569047619047,0,0.17097,0.1235842857142857,0.0473857142857143,0.0055771428571428,0.0,0.0,0.0,0.1083296279775042,0.1208918736302932,0.0208081263697067,0.8960869306136622,1.12,-1.2614383357937882,0.9725080230713196,-0.4583519700485939,0.0109585904742208,0.0621040402299883,-0.0023733815856508,1,16.829999923706055,19.81999969482422,2.6599999237060548
GOOGL,2023-03-31,2023-04-25,1.0,105.44,95.22,-1.51,9.06,1.07,1.21,0.87,36.0,1.07,1.06,1.08,1.17,1.0,0.0,3.0,3.0,68904000000.0,71359000000.0,67270600000.0,31.0,-414747.28,-414086.48,-171.73,245.89,9.78,309.36,11.29,-31.37,-0.94,-17.74,-4.92,-1.56,-4.09,106.0,104.0,106.0,2.75,2.67,5.42,5.113207547169811,0.61974,0.60999,0.614865,0.38072,38.08071690533694,-0.297555,6094,8232,0.9194273203894682,4.0,1.8867924528301883,1,3.2264150943396226,2023-04-24,415.0,397.0763244628906,0.1417,0.1538999999999999,0.1619121428571428,0.0121999999999999,0.0202121428571428,0,0.1779414285714285,0.12219,0.0557514285714285,0.0083657142857143,0.0,0.0,0.0119521912350597,0.0435295890633698,0.0931510130727776,0.0485489869272223,0.4673012952565607,1.02,-1.6037090419877444,0.5424146574553728,-0.6306545047046789,-0.003164708004969,0.049495118798803,-0.0061786746245309,1,16.889999389648438,20.399999618530273,2.7199993896484376
MSFT,2023-03-31,2023-04-25,1.0,280.57,240.61,-1.84,14.47,2.23,2.29,2.15,36.0,2.23,2.23,2.23,2.32,1.0,0.0,2.0,0.0,51017600000.0,51666000000.0,50646000000.0,35.0,-90.4,-222.56,201.6,182.67,1.97,0.0,7.61,81.89,-0.43,-9.38,-8.31,-0.36,-4.34,282.5,295.0,282.5,5.75,6.125,11.875,4.20353982300885,0.51243,0.49292,0.502675,0.278285,44.639180384940566,-0.234145,438,5790,0.946552108194113,4.0,4.424778761061954,0,-0.22123893805310413,2023-04-24,415.0,397.0763244628906,0.1417,0.1538999999999999,0.1619121428571428,0.0121999999999999,0.0202121428571428,0,0.1779414285714285,0.12219,0.0557514285714285,0.0083657142857143,0.0,0.0,0.0119521912350597,0.0435295890633698,0.0931510130727776,0.0485489869272223,0.4673012952565607,1.02,-1.6037090419877444,0.5424146574553728,-0.6306545047046789,-0.003164708004969,0.049495118798803,-0.0061786746245309,1,16.889999389648438,20.399999618530273,2.7199993896484376
AMZN,2023-03-31,2023-04-27,1.0,97.24,102.24,12.94,7.41,0.21,0.32,-0.04,35.0,0.22,0.22,0.22,0.27,2.0,0.0,3.0,2.0,124551000000.0,128668000000.0,120000000000.0,38.0,-158951.2,-159074.4,97.07,116.93,9.4,304.39,9.54,-13.79,47.06,-8.67,-50.77,1.78,-2.92,105.0,107.5,105.0,3.7,3.675,7.375,7.023809523809524,1.19534,1.18558,1.19046,0.33682,71.70673521159888,-0.7658400000000001,25530,9082,0.8658156918930019,2.0,2.3809523809523725,1,4.642857142857151,2023-04-26,407.0,389.1180114746094,0.166095,0.1727160714285714,0.180725,0.0066210714285714,0.01463,0,0.20024,0.1417,0.05854,0.004875,0.2778157385263637,0.1428822444138577,0.0756972111553784,0.1098270649267062,0.1127638969431819,0.053331103056818,0.9739559194379784,1.23,-0.2648286770497453,0.9646341695367132,-0.3500923917591259,-0.0236151898191363,0.0198491400409648,-0.0260971151723647,1,18.84000015258789,21.540000915527344,2.23050015258789
XOM,2023-03-31,2023-04-28,1.0,108.96,115.61,8.61,2.36,2.59,3.34,2.37,19.0,2.6,2.56,2.68,2.62,1.0,0.0,8.0,1.0,85405400000.0,122697000000.0,60423300000.0,7.0,5045.6,3111.84,905.6,566.96,44.09,274.3,49.17,65.85,-23.6,94.35,166.57,2.4,7.38,117.0,115.0,117.0,1.405,1.525,2.9299999999999997,2.5042735042735043,0.60999,0.59047,0.60023,0.253895,57.700381520417174,-0.33657500000000007,3054,6506,0.6774179644847997,1.0,1.7094017094017144,1,0.7948717948717898,2023-04-27,415.0,396.8646240234375,0.1424014285714286,0.1549457142857143,0.1629578571428571,0.0125442857142857,0.0205564285714285,0,0.17097,0.12219,0.04878,0.0041785714285713,0.0091497787095275,0.0041082881156681,0.0159362549800796,0.2045286738472751,0.1293868730617027,0.0130145555097258,1.5807528925267271,1.3,0.2199516206891278,2.2741556750522283,0.6597687475249131,0.0012868282697531,0.0424924918184388,-0.0067085284545331,1,17.030000686645508,20.3700008392334,2.7898578295026475
AAPL,2023-03-31,2023-05-04,1.0,165.63,154.5,0.1,7.31,1.43,1.56,1.37,26.0,1.43,1.43,1.43,1.48,0.0,0.0,5.0,0.0,92960200000.0,98836000000.0,89787100000.0,24.0,-49331.2,-48385.92,-306.13,465.41,-5.48,0.0,-1.04,84.15,-19.68,-12.77,-13.19,-0.8,-2.73,167.5,172.5,167.5,3.45,3.3499999999999996,6.8,4.059701492537314,0.69779,0.67828,0.688035,0.21975499999999998,68.0604911087372,-0.40486999999999995,19822,9098,0.7670718044318735,2.0,2.9850746268656803,1,1.0746268656716333,2023-05-03,410.0,392.6401062011719,0.161215,0.1665597619047619,0.1748053571428571,0.0053447619047619,0.0135903571428571,0,0.19048,0.13195,0.05853,0.0,0.4285400497876699,0.1621464387622239,0.0517928286852589,0.1977624726571671,0.1231912507491654,0.0380237492508345,1.6053288805374584,1.18,-0.261101699849966,0.580760953873179,-0.9475832653427864,0.009051482128044,-0.0071298033047542,-0.0190174888341646,1,18.34000015258789,21.290000915527344,2.2185001525878896
WMT,2023-04-30,2023-05-18,1.0,149.85,146.44,1.08,3.43,1.32,1.42,1.25,33.0,1.31,1.3,1.3,1.36,6.0,0.0,15.0,0.0,148758000000.0,151395000000.0,147310000000.0,29.0,-40722.24,-34093.44,-2732.8,4499.36,,,6.52,-305.56,-124.67,,,,,150.0,150.0,150.0,2.42,2.795,5.215,3.4766666666666666,0.59047,0.58072,0.5855950000000001,0.15146,74.1357081259232,-0.3755950000000001,8561,6351,0.9101010751303676,2.0,0.0,1,3.4766666666666666,2023-05-17,416.0,399.5783081054687,0.141705,0.1442611904761905,0.1552903571428571,0.0025561904761904,0.0135853571428571,0,0.18073,0.11244,0.06829,0.0048799999999999,0.222209567198178,0.0540488129207414,0.0318725099601593,0.1124084402927238,0.1409952005890334,0.0007097994109665,0.7972501178984593,1.33,1.46015933394965,3.120456140519928,2.6025953624253324,0.0057648702026595,0.0024626342246667,-0.0016829001878242,1,16.8700008392334,20.049999237060547,2.699500839233396
NVDA,2023-04-30,2023-05-24,0.0,270.42,236.64,12.93,29.05,0.92,0.97,0.81,31.0,0.92,0.91,0.91,0.85,1.0,0.0,4.0,0.0,6516830000.0,6746000000.0,6475080000.0,31.0,-67897.92,-62650.3,-2690.24,1834.61,,,8.57,433.33,244.83,,,,,307.5,380.0,307.5,10.175,10.55,20.725,6.739837398373984,0.94168,0.93193,0.936805,0.5855950000000001,37.490192729543494,-0.478035,2217,2792,0.9405867390829238,3.0,23.57723577235773,0,-16.837398373983746,2023-05-23,415.0,398.4813232421875,0.1528535714285714,0.1565092857142857,0.1622607142857142,0.0036557142857142,0.0094071428571428,0,0.20024,0.1138328571428571,0.0864071428571428,0.0041828571428571,0.4761633582818089,0.1158188848301599,0.0876494023904382,0.1484500416685891,0.149226963474177,0.0036266079543943,0.994793690178368,1.24,0.2427002423467064,1.2417595099963317,0.0502851956732045,0.0093603704353322,0.0035383594859184,-0.0122604365228885,1,18.530000686645508,21.059999465942383,3.2446435437883654
JPM,2023-06-30,2023-07-14,1.0,141.49,138.73,5.85,7.96,3.99,5.03,3.43,21.0,3.97,3.98,3.87,3.31,4.0,0.0,8.0,3.0,38957600000.0,42441000000.0,35372000000.0,15.0,19338.4,16995.36,1433.6,456.05,68.95,-64.48,27.42,55.89,14.85,48.25,58.67,-24.43,-1.89,149.0,152.5,149.0,2.08,2.18,4.26,2.8590604026845634,0.68803,0.68803,0.68803,0.18073,73.73225004723632,-0.47803000000000007,3198,7036,0.399523949427096,1.0,2.348993288590595,1,0.5100671140939683,2023-07-13,457.0,434.2212219238281,0.10756,0.1159221428571428,0.1180121428571428,0.0083621428571428,0.0104521428571428,0,0.13195,0.10268,0.02927,0.009755,0.1250480461242795,0.0238199834041099,0.0398406374501992,0.071272089980831,0.0999166755696653,0.0076433244303346,0.7133152656899372,1.11,0.3602457045093055,1.205381265833617,-0.352562525185751,0.0225173473634314,0.0401797068414266,0.0,1,13.609999656677246,16.1200008392334,2.853999656677246
TSLA,2023-06-30,2023-07-19,1.0,260.54,162.99,11.79,78.7,0.82,0.93,0.64,24.0,0.82,0.79,0.78,0.91,4.0,0.0,15.0,1.0,24477100000.0,26376200000.0,22301800000.0,20.0,26207.2,26036.96,126.93,78.4,24.38,-71.36,45.66,-20.56,-28.57,-17.24,-26.06,-9.77,-7.79,292.5,262.5,292.5,11.55,10.55,22.1,7.555555555555555,1.049,1.03924,1.04412,0.6343749999999999,39.24309466344865,-0.478035,7739,22983,0.49616298836807043,3.0,10.256410256410254,0,-2.7008547008546984,2023-07-18,461.0,438.6932678222656,0.1082571428571428,0.117315,0.1212654761904761,0.0090578571428571,0.0130083333333333,0,0.1305557142857143,0.10268,0.0278757142857143,0.0083607142857142,0.3078621559813898,0.0272228381761256,0.0517928286852589,0.0599228442200396,0.0936070880485986,0.0146500548085442,0.6401528502727171,1.23,1.1365411578847635,3.861541806650796,1.152834131667951,0.0265107847500201,0.0299981356269087,0.0,1,13.300000190734863,16.1299991607666,2.4742859050205777
JNJ,2023-06-30,2023-07-20,1.0,164.13,162.69,2.59,3.5,2.62,2.69,2.54,17.0,2.62,2.62,2.62,2.62,1.0,0.0,2.0,1.0,24625300000.0,24845000000.0,24349000000.0,15.0,8596.0,7893.28,408.53,127.45,-10.81,-73.88,-0.08,0.37,14.04,-89.46,2.09,0.43,3.77,160.0,170.0,160.0,1.37,2.52,3.89,2.43125,0.40511,0.39536,0.400235,0.166095,58.50063087935838,-0.224385,7063,3982,0.5966123425133756,2.0,6.25,0,-3.81875,2023-07-19,462.0,439.6688232421875,0.11244,0.1180121428571428,0.1263735714285714,0.0055721428571428,0.0139335714285714,0,0.13195,0.11244,0.01951,0.009755,0.5387587729674317,0.0476399668082198,0.0836653386454183,0.0570302037648945,0.0919724862939729,0.020467513706027,0.6200789612516082,0.82,-1.6986804964783566,1.8559356087894483,0.0579250207353844,0.0205821987701075,0.0358167150134192,0.0,1,13.760000228881836,16.559999465942383,2.516000228881836
GOOGL,2023-06-30,2023-07-25,1.0,122.34,103.71,-0.11,17.84,1.34,1.5,1.06,37.0,1.34,1.34,1.34,1.28,1.0,0.0,7.0,0.0,72817600000.0,74329000000.0,70692600000.0,32.0,-414523.28,-414335.12,44.8,299.43,2.61,-75.33,8.56,-4.88,11.43,-8.24,-13.33,-0.34,-4.6,122.0,129.0,122.0,3.375,3.7,7.075,5.799180327868853,0.70754,0.68803,0.697785,0.312435,55.22474687761989,-0.36095999999999995,4967,7066,0.40915266766269126,4.0,5.737704918032782,1,0.06147540983607058,2023-07-24,462.0,438.7029418945313,0.11244,0.117315,0.1225432142857142,0.004875,0.0101032142857142,0,0.13195,0.10268,0.02927,0.004875,0.5387587729674317,0.0476399668082198,0.0916334661354581,0.08433444675327,0.0907011160431729,0.021738883956827,0.9298060534682682,1.46,2.007545825677533,2.3389151677525635,0.2790772277805347,0.0074527611252139,0.0405259877833135,-0.0021968383851592,1,13.90999984741211,16.260000228881836,2.6659998474121096
XOM,2023-06-30,2023-07-28,1.0,105.4,118.34,-1.18,-11.98,1.83,2.06,1.74,19.0,2.05,2.26,2.3,2.37,0.0,0.0,0.0,2.0,72688100000.0,80646000000.0,54107800000.0,7.0,5698.4,4204.64,406.93,619.8,-4.66,-79.02,39.39,36.71,-16.76,20.3,133.47,10.16,10.05,105.0,107.0,105.0,1.53,1.0750000000000002,2.6050000000000004,2.4809523809523815,0.59047,0.58072,0.5855950000000001,0.253895,56.64324319709016,-0.3414500000000001,4406,2281,0.49372384937238495,1.0,1.904761904761898,1,0.5761904761904835,2023-07-27,460.0,437.05126953125,0.11244,0.117315,0.1239360714285714,0.0048749999999999,0.0114960714285714,0,0.1417,0.10268,0.03902,0.0097499999999999,0.6366008199776378,0.0476399668082199,0.1075697211155378,0.0671074153817477,0.0811211821490868,0.0313188178509131,0.8272489823732572,1.19,0.375807078894004,1.854314755496015,-0.0363620251735865,0.0006856731758686,0.0374164871997142,-0.006630074840737,1,14.40999984741211,16.6299991607666,3.165999847412108
AAPL,2023-06-30,2023-08-03,1.0,192.46,173.57,-0.67,10.14,1.19,1.45,1.05,29.0,1.19,1.19,1.19,1.22,1.0,0.0,7.0,0.0,81685700000.0,94100000000.0,75584000000.0,25.0,-49129.6,-48567.36,-209.07,476.89,-2.51,-19.05,-3.4,0.0,0.66,-7.0,-5.54,0.51,-0.96,192.5,182.5,192.5,3.5250000000000004,3.3,6.825,3.5454545454545454,0.60999,0.59047,0.60023,0.234385,60.95080219249288,-0.35609,12671,12698,0.7356000482450851,2.0,5.1948051948051965,0,-1.6493506493506511,2023-08-02,457.0,434.7718505859375,0.12707,0.1319449999999999,0.1357792857142857,0.0048749999999999,0.0087092857142856,0,0.16122,0.12219,0.03903,0.0146349999999999,1.0,0.1190511055791478,0.1673306772908366,0.1417643347192974,0.0955935900561828,0.0314764099438172,1.482989964452417,1.25,0.5599435173185024,2.224400886015445,0.6158549601277032,-0.0118109457933376,0.0142860468677681,-0.0167324393657247,1,16.09000015258789,17.959999084472656,3.38300015258789
AMZN,2023-06-30,2023-08-03,1.0,130.22,105.66,-1.01,22.01,0.35,0.47,0.14,36.0,0.35,0.35,0.34,0.34,1.0,0.0,5.0,0.0,131501000000.0,133312000000.0,127000000000.0,37.0,-158727.2,-159002.72,350.93,274.97,9.37,-75.22,9.82,-16.22,24.0,23.6,30.12,3.88,0.6,128.0,140.0,128.0,4.65,4.35,9.0,7.03125,1.19534,1.18558,1.19046,0.31731,73.345597500126,-0.78047,2894,6605,0.6004446468272038,2.0,9.375,0,-2.34375,2023-08-02,457.0,434.7718505859375,0.12707,0.1319449999999999,0.1357792857142857,0.0048749999999999,0.0087092857142856,0,0.16122,0.12219,0.03903,0.0146349999999999,1.0,0.1190511055791478,0.1673306772908366,0.1417643347192974,0.0955935900561828,0.0314764099438172,1.482989964452417,1.25,0.5599435173185024,2.224400886015445,0.6158549601277032,-0.0118109457933376,0.0142860468677681,-0.0167324393657247,1,16.09000015258789,17.959999084472656,3.38300015258789
WMT,2023-07-31,2023-08-17,1.0,154.57,149.91,0.72,3.86,1.7,1.84,1.65,28.0,1.69,1.49,1.67,1.56,4.0,0.0,16.0,0.0,160271000000.0,163048000000.0,158667000000.0,25.0,-40386.24,-34593.6,-2762.67,4022.19,7.58,,8.23,239.26,497.3,2.67,17.34,-0.22,0.34,160.0,157.5,160.0,2.495,3.175,5.67,3.5437499999999997,0.60023,0.60023,0.60023,0.16122,73.14029621978241,-0.3902300000000001,11807,7366,0.8342613493855029,2.0,1.5625,1,1.9812499999999997,2023-08-16,445.0,424.6397705078125,0.14658,0.1491373809523809,0.1514599999999999,0.0025573809523809,0.0048799999999999,0,0.18073,0.12219,0.05854,0.0048799999999999,1.0,0.2142822277541855,0.2948207171314741,0.1077292704713657,0.0981103538737771,0.0484696461262228,1.0980418092260031,1.15,-1.0986136217074447,1.5432094286010527,-0.0912390064649417,-0.0137071398477003,-0.0320349053547519,-0.0396468613761256,1,16.780000686645508,18.969999313354492,2.1220006866455083
NVDA,2023-07-31,2023-08-23,0.0,446.12,379.8,5.61,24.05,2.09,2.49,1.76,34.0,2.06,2.06,2.05,1.06,2.0,0.0,6.0,0.0,11224000000.0,12701000000.0,10956000000.0,33.0,-69714.56,-64126.43,-3577.28,1452.94,-13.22,,-9.46,-19.85,-45.5,20.48,14.56,-0.9,7.22,457.5,472.5,457.5,24.95,25.6,50.55,11.049180327868852,1.52704,1.52704,1.52704,0.561205,63.24883434618609,-0.892665,1197,4305,0.6235837347180375,3.0,3.2786885245901676,1,7.770491803278684,2023-08-22,443.0,423.2005310058594,0.1458878571428571,0.1467591071428571,0.1519823214285714,0.0008712499999999,0.0060944642857142,0,0.1793357142857143,0.12219,0.0571457142857143,0.0048749999999999,0.8733018609150112,0.210903778702871,0.2948207171314741,0.0936600765464008,0.0998849616166705,0.0460028955261866,0.9376794567518684,1.12,-1.241613041301215,2.126103862293078,0.8895839501599248,-0.0107025118750141,-0.0353369202899004,-0.0429018041980832,1,16.969999313354492,18.719999313354492,2.381213599068774
JPM,2023-09-30,2023-10-13,1.0,146.41,149.77,1.09,-1.18,3.96,4.41,3.74,18.0,3.87,3.56,3.79,3.51,5.0,0.0,14.0,1.0,39644900000.0,41000000000.0,38052000000.0,13.0,21040.8,18005.6,1418.13,302.77,70.76,6.97,36.84,72.1,15.85,42.98,61.86,-25.45,-1.65,146.0,148.0,146.0,2.0300000000000002,2.2199999999999998,4.25,2.910958904109589,0.69779,0.69779,0.69779,0.21487499999999998,69.20635148110463,-0.45853,2731,3482,0.9185856754306437,1.0,1.3698630136986356,1,1.5410958904109533,2023-10-12,437.0,420.3412170410156,0.1417,0.1451857142857142,0.1514599999999999,0.0034857142857142,0.0097599999999999,0,0.17097,0.13195,0.03902,0.00976,0.4999633940991285,0.1904622443500756,0.3386454183266932,0.1034708804992618,0.1296388645035659,0.012061135496434,0.7981470749183839,1.15,-1.0056170301613645,0.6441778137802474,-0.8767508486453076,0.0215783749433722,-0.0253529058000093,-0.0493683467387524,1,16.690000534057617,18.09000015258789,2.5200005340576173
JNJ,2023-09-30,2023-10-17,1.0,161.45,158.74,-3.32,-1.67,2.39,2.45,2.28,15.0,2.51,2.51,2.46,2.7,1.0,0.0,4.0,1.0,19991800000.0,20297400000.0,19569400000.0,13.0,9085.6,8203.68,571.2,172.53,-10.41,2.99,-2.23,8.11,4.48,10.96,-1.76,2.94,2.61,157.5,152.5,157.5,2.075,2.0,4.075,2.5873015873015874,0.30755,0.31731,0.31243,0.22463,28.10229491406075,-0.11706499999999997,1682,1486,0.5502043661480942,4.0,3.1746031746031744,0,-0.587301587301587,2023-10-16,439.0,422.6481628417969,0.1451857142857142,0.15146,0.1514599999999999,0.0062742857142857,0.0062742857142857,0,0.17097,0.1249785714285714,0.0459914285714285,0.0027885714285714,0.5510024787424302,0.2234320557491289,0.3824701195219123,0.1124230495512661,0.1262915667149455,0.0188941475707687,0.8901865142350938,1.72,2.07154745567546,2.5403557218928,0.410721214787216,0.0086748013215804,-0.0165324222222648,-0.0441510242120234,1,17.209999084472656,18.790000915527344,2.6914276559012276
TSLA,2023-09-30,2023-10-18,0.0,265.28,262.9,-8.52,-7.69,0.72,1.02,0.6,26.0,0.74,0.8,0.81,0.88,0.0,0.0,1.0,5.0,24097000000.0,26000000000.0,23161800000.0,25.0,26408.8,26155.68,22.4,137.51,47.2,6.85,46.39,19.74,7.06,4.93,-2.64,-6.81,-4.93,255.0,220.0,255.0,7.35,7.25,14.6,5.725490196078431,0.79535,0.78559,0.79047,0.61974,21.59854263918935,-0.30731,12916,39538,0.8457878063460736,3.0,13.725490196078427,0,-7.9999999999999964,2023-10-17,439.0,422.6287536621094,0.14658,0.1559914285714286,0.1514599999999999,0.0094114285714285,0.0048799999999999,0,0.18073,0.13195,0.0487799999999999,0.00976,0.5714181125997507,0.2307611438183346,0.4143426294820717,0.1083307834226611,0.1262234817260658,0.0203565182739341,0.8582458821549862,1.39,0.1417435675935626,1.1308315927533932,-0.5871702583084712,0.0034058867564932,-0.0171540124535801,-0.0441949194567121,1,17.8799991607666,19.260000228881836,3.221999160766602
MSFT,2023-09-30,2023-10-24,1.0,317.01,337.77,4.26,-2.14,2.5,2.58,2.41,34.0,2.65,2.49,2.65,2.34,1.0,0.0,2.0,2.0,51397800000.0,52204400000.0,50802900000.0,33.0,402.4,-99.36,545.07,427.07,7.08,0.21,5.22,10.36,6.06,9.2,9.76,1.12,1.03,330.0,340.0,330.0,7.25,7.8999999999999995,15.149999999999999,4.590909090909091,0.54169,0.55145,0.54657,0.29779500000000003,45.51567045392172,-0.263405,5505,8656,0.4893620434287425,4.0,3.0303030303030276,1,1.5606060606060632,2023-10-23,424.0,407.5466613769531,0.1772428571428571,0.17829,0.1761982142857143,0.0010471428571428,-0.0010446428571428,1,0.2030285714285714,0.16122,0.0418085714285714,0.0048814285714285,0.952345160818,0.4207005227119765,0.6254980079681275,0.0968716762749666,0.1276837668955311,0.0495590902473259,0.7586843545603214,1.4,0.2289309224627068,2.2293044072704755,0.8991994898310687,-0.0357306686566538,-0.0231402105284717,-0.0783041472517056,1,20.3700008392334,21.329999923706055,2.645715124947685
GOOGL,2023-09-30,2023-10-24,1.0,130.25,129.27,6.57,7.38,1.45,1.55,1.27,37.0,1.45,1.44,1.44,1.34,3.0,0.0,9.0,0.0,75943800000.0,77922700000.0,72863000000.0,32.0,-414299.28,-414532.24,224.0,232.79,7.06,6.9,7.79,19.01,23.08,7.71,12.26,0.42,1.35,137.5,126.0,137.0,3.4000000000000004,3.8,7.2,5.236363636363636,0.6295,0.6295,0.6295,0.400235,36.42017474185862,-0.29267999999999994,1984,2473,0.5352970871378849,4.0,8.363636363636362,0,-3.127272727272725,2023-10-23,424.0,407.5466613769531,0.1772428571428571,0.17829,0.1761982142857143,0.0010471428571428,-0.0010446428571428,1,0.2030285714285714,0.16122,0.0418085714285714,0.0048814285714285,0.952345160818,0.4207005227119765,0.6254980079681275,0.0968716762749666,0.1276837668955311,0.0495590902473259,0.7586843545603214,1.4,0.2289309224627068,2.2293044072704755,0.8991994898310687,-0.0357306686566538,-0.0231402105284717,-0.0783041472517056,1,20.3700008392334,21.329999923706055,2.645715124947685
AMZN,2023-09-30,2023-10-26,1.0,125.98,132.21,-5.09,-9.56,0.55,0.67,0.41,36.0,0.58,0.55,0.58,0.36,1.0,0.0,3.0,2.0,133393000000.0,135045000000.0,130148000000.0,37.0,-158055.2,-158879.52,589.87,300.74,10.85,5.52,10.33,261.11,109.68,47.86,131.56,3.17,2.98,121.0,128.0,121.0,5.15,4.675000000000001,9.825000000000001,8.119834710743802,1.3807,1.37094,1.37582,0.36121000000000003,73.74583884519778,-0.9072950000000001,247,1931,0.5596924412775092,2.0,5.785123966942152,1,2.334710743801651,2023-10-25,420.0,404.7260437011719,0.18073,0.1824678571428571,0.180725,0.0017378571428571,-4.999999999977245e-06,1,0.20024,0.16122,0.03902,0.0,1.0,0.4776256406333666,0.6693227091633466,0.1421479323169905,0.1294602393787906,0.0512697606212093,1.0980045533600218,1.25,-0.5431273449216389,1.8708665932104989,0.4947679870701188,-0.0294274842260759,-0.0195594085624837,-0.0712939890275677,0,20.190000534057617,21.329999923706055,2.117000534057617
XOM,2023-09-30,2023-10-27,1.0,120.2,104.16,-12.19,1.33,2.24,2.34,2.1,16.0,2.34,2.09,2.15,1.89,4.0,0.0,10.0,2.0,83760000000.0,91831200000.0,58907200000.0,8.0,5997.6,5163.84,344.53,206.47,-27.39,-3.41,22.29,-53.14,-31.45,-45.41,-52.23,-2.56,-6.4,108.0,106.0,108.0,0.9,1.3399999999999999,2.2399999999999998,2.074074074074074,0.48316,0.50267,0.492915,0.29292,40.5739326253005,-0.20975,2154,2648,0.6096819570876518,1.0,1.851851851851849,1,0.22222222222222499,2023-10-26,415.0,399.8795471191406,0.185605,0.1821192857142857,0.1815964285714285,-0.0034857142857143,-0.0040085714285714,1,0.21,0.16122,0.0487799999999999,4.999999999949489e-06,1.0,0.5312469970210453,0.6932270916334662,0.1479416170516328,0.134902326651837,0.0507026733481629,1.0966572684357645,1.28,-0.3330766285124297,3.669818385659236,2.66048191428061,-0.0325495065861485,-0.031686367326597,-0.0824150191118413,0,20.68000030517578,21.56999969482422,2.1195003051757766
WMT,2023-10-31,2023-11-16,1.0,161.42,157.93,-3.33,-1.2,1.4,1.49,1.33,29.0,1.51,1.5,1.5,1.38,5.0,0.0,14.0,0.0,146828000000.0,149666000000.0,144532000000.0,26.0,-40072.64,-37015.04,313.6,4005.92,5.74,6.13,7.31,211.86,25.17,45.33,6.74,0.39,0.05,170.0,155.0,170.0,2.92,3.075,5.995,3.526470588235294,0.60023,0.60023,0.60023,0.15146,74.76633956983156,-0.409745,26971,10857,0.4854987242863977,2.0,8.823529411764708,0,-5.297058823529414,2023-11-15,450.0,435.8692626953125,0.122195,0.1247473809523809,0.1314226785714285,0.0025523809523809,0.0092276785714285,0,0.1417,0.10268,0.03902,-5.000000000005e-06,7.32171621028701e-05,0.1403729612113147,0.2390438247011952,0.1807367812341084,0.1674342799263145,-0.0452392799263145,1.0794490907934038,1.24,-0.8530967561233725,2.273092552344633,-0.2387250735290161,0.0284279024326739,0.0313289356639205,0.0,1,14.18000030517578,16.280000686645508,1.9605003051757812
NVDA,2023-10-31,2023-11-21,0.0,413.87,471.16,20.68,6.0,3.09,3.28,2.98,33.0,3.36,3.35,3.34,2.39,4.0,0.0,7.0,0.0,14836800000.0,15600500000.0,14669300000.0,32.0,-73791.36,-66915.23,-3971.52,1534.52,101.48,87.81,20.53,429.41,147.71,707.3,1262.73,26.57,42.9,505.0,487.5,505.0,18.700000000000003,19.125,37.825,7.490099009900991,0.90266,0.89291,0.897785,0.22463,74.9795329616779,-0.44389500000000004,2803,8418,0.5701743656363881,4.0,3.4653465346534684,1,4.0247524752475226,2023-11-20,455.0,440.30859375,0.117315,0.117315,0.12782,0.0,0.0105049999999999,0,0.1389142857142857,0.0957085714285714,0.0432057142857142,-3.5714285714361083e-06,0.0,0.1052707295581651,0.1952191235059761,0.1223320750762557,0.144157903246915,-0.026842903246915,0.8485977689806167,1.33,0.0537858857779443,3.287981497979255,-0.0409532394405411,0.0319636218609864,0.0785157419742774,0.0,1,13.40999984741211,15.6899995803833,1.678499847412109
JPM,2023-12-31,2024-01-12,0.0,161.06,148.0,4.96,14.22,3.6,17.85,16.04,22.0,16.66,16.82,16.79,16.08,3.0,0.0,7.0,5.0,45814400000.0,163927000000.0,151364000000.0,19.0,22047.2,19331.52,484.8,1185.69,50.98,5.38,40.03,38.78,-8.84,36.16,39.43,-14.1,-2.25,170.0,167.5,170.0,2.48,2.1950000000000003,4.675000000000001,2.7500000000000004,0.64901,0.66852,0.658765,0.18560500000000002,71.82530948061904,-0.46340500000000007,3277,6036,1.1090284450645642,1.0,1.4705882352941124,1,1.279411764705888,2024-01-11,477.0,463.5921020507813,0.1082571428571428,0.1159221428571428,0.1201986363636363,0.007665,0.0119414935064935,0,0.12219,0.0943142857142857,0.0278757142857142,-5.000000000005e-06,0.3001195967879721,0.0449013708644651,0.1274900398406374,0.1013969255127995,0.1062517849663614,0.0020053578907813,0.954307972754538,1.06,-0.3186345847311884,1.4903926911794536,-0.2807434449392826,0.0194102849338591,0.0352633187283675,-0.0007132037015548,1,12.4399995803833,14.5600004196167,1.6142852946690152
JNJ,2023-12-31,2024-01-23,1.0,155.46,151.57,2.8,5.44,2.28,9.95,9.88,18.0,9.91,8.99,10.09,10.09,1.0,0.0,2.0,1.0,16483800000.0,85114300000.0,83950000000.0,21.0,9820.0,8620.48,417.07,255.88,-10.26,-0.78,-4.15,4.31,-5.0,-9.33,6.46,1.87,4.56,162.5,160.0,162.5,2.045,1.88,3.925,2.4153846153846152,0.2978,0.27829,0.288045,0.136825,52.49874151608256,-0.12683,770,2460,0.5797548769890024,4.0,1.538461538461533,1,0.8769230769230822,2024-01-22,487.0,470.501953125,0.11244,0.117315,0.1221949999999999,0.004875,0.0097549999999999,0,0.12219,0.10268,0.01951,-5.000000000005e-06,0.3489380973947035,0.0748390263104754,0.2390438247011952,0.1232580514801624,0.1082304333300138,0.0042095666699861,1.138848359816935,1.07,-0.5966418017543619,2.1713003144784175,-0.1501883222185186,0.0142024716098907,0.0181324747004043,0.0,1,13.1899995803833,14.970000267028809,1.945999580383301
TSLA,2023-12-31,2024-01-24,0.0,252.54,205.76,-17.7,1.01,0.74,3.6,2.54,34.0,3.15,2.85,2.89,3.16,4.0,0.0,11.0,1.0,25624100000.0,99185200000.0,95059200000.0,41.0,26274.4,26254.24,-0.0,125.72,8.84,-6.33,37.94,-37.14,-27.47,-28.55,-52.17,-7.2,-9.64,213.33,182.5,212.5,5.85,9.075,14.924999999999999,6.9962030656728995,0.97095,0.9612,0.966075,0.71242,26.25624304531221,-0.48291500000000004,8987,29030,0.8563674891036093,3.0,14.451788309192338,0,-7.4555852435194385,2024-01-23,488.0,471.8741455078125,0.1033771428571428,0.112436923076923,0.117315,0.0090597802197802,0.0139378571428571,0,0.11244,0.10268,0.00976,0.0041828571428571,0.0465044216146638,0.0099741061774531,0.0239043824701195,0.1094782066580253,0.0939831961338705,0.0093939467232723,1.1648700104014715,1.12,-0.2157814644729686,2.909175133716885,0.0158708522991921,0.020908174417523,0.0354502945256856,0.0,1,12.550000190734863,14.520000457763672,2.212285905020579
GOOGL,2023-12-31,2024-01-30,1.0,139.69,126.45,8.43,19.78,1.6,6.1,5.26,48.0,5.74,5.74,5.74,5.74,1.0,0.0,8.0,1.0,88161600000.0,308324000000.0,288493000000.0,46.0,-414075.28,-414523.28,179.2,58.2,11.0,2.8,8.5,46.23,7.64,20.14,24.56,1.77,3.03,152.5,142.5,152.5,4.8,3.625,8.425,5.524590163934427,0.65876,0.64901,0.653885,0.370965,43.267547045734354,-0.36096500000000004,12253,6836,0.6522888454189104,4.0,6.5573770491803245,0,-1.0327868852458977,2024-01-29,494.0,478.112548828125,0.1132525,0.1175368181818182,0.122195,0.0042843181818181,0.0089424999999999,0,0.12219,0.10268,0.01951,-0.0008175,0.3612060129825762,0.0806542727363355,0.2908366533864542,0.0569284555159034,0.0935680972477677,0.0196844027522322,0.6084173686374875,1.27,1.0100348778855956,1.3028062607064388,-0.4719683657704215,0.0161754816373802,0.030975204805973,0.0,1,13.600000381469728,15.220000267028809,2.274750381469726
MSFT,2023-12-31,2024-01-30,0.0,376.04,346.07,8.66,18.07,2.78,8.84,8.63,21.0,9.65,9.65,9.66,9.33,0.0,0.0,4.0,1.0,31178000000.0,192253000000.0,189460000000.0,49.0,2306.4,615.2,-365.87,1659.52,17.58,9.74,9.9,26.84,-2.01,38.87,32.52,1.51,4.92,410.0,397.5,410.0,9.425,9.350000000000001,18.775000000000002,4.579268292682928,0.55145,0.54169,0.54657,0.2978,45.514755658012696,-0.292675,5698,11804,0.5065829075224824,4.0,3.0487804878048808,1,1.5304878048780468,2024-01-29,494.0,478.112548828125,0.1132525,0.1175368181818182,0.122195,0.0042843181818181,0.0089424999999999,0,0.12219,0.10268,0.01951,-0.0008175,0.3612060129825762,0.0806542727363355,0.2908366533864542,0.0569284555159034,0.0935680972477677,0.0196844027522322,0.6084173686374875,1.27,1.0100348778855956,1.3028062607064388,-0.4719683657704215,0.0161754816373802,0.030975204805973,0.0,1,13.600000381469728,15.220000267028809,2.274750381469726
AAPL,2023-12-31,2024-02-01,0.0,185.64,176.65,0.66,5.78,2.11,5.82,5.49,36.0,6.06,5.7,6.07,5.38,0.0,0.0,1.0,1.0,68276100000.0,363959000000.0,343999000000.0,35.0,-48793.6,-49145.28,-597.33,999.17,2.07,46.19,-1.89,44.37,73.02,11.02,12.1,2.91,3.02,185.0,185.0,185.0,3.275,3.7,6.975,3.7702702702702697,0.64901,0.6295,0.6392549999999999,0.22463,64.86065810983096,-0.3902349999999999,10772,12998,0.7401800120437068,2.0,0.0,1,3.7702702702702697,2024-01-31,486.0,469.947265625,0.117315,0.12707,0.12707,0.009755,0.009755,0,0.13195,0.11244,0.01951,0.0048799999999999,0.4878006099695016,0.1097305048656359,0.3625498007968127,0.1504201190141764,0.1116857287357935,0.0056292712642064,1.3468159335738754,1.06,-0.6974555170639779,1.6415243494222156,-0.387722821462971,-0.0051710428834009,0.0159264976146638,-0.0170781612470504,1,14.350000381469728,15.960000038146973,2.618500381469726
AMZN,2023-12-31,2024-02-01,1.0,149.93,138.6,6.24,14.92,0.8,2.92,2.31,47.0,2.68,2.43,2.67,2.52,2.0,0.0,10.0,0.0,181450000000.0,574000000000.0,565904000000.0,47.0,-157181.6,-158527.84,664.53,243.0,12.57,6.47,10.09,452.94,44.62,83.2,343.09,2.86,5.83,155.0,172.5,155.0,5.4,5.1,10.5,6.774193548387098,1.15631,1.1368,1.146555,0.25877,77.43065095001984,-0.780465,8919,5086,0.46647016047430623,2.0,11.290322580645151,0,-4.516129032258053,2024-01-31,486.0,469.947265625,0.117315,0.12707,0.12707,0.009755,0.009755,0,0.13195,0.11244,0.01951,0.0048799999999999,0.4878006099695016,0.1097305048656359,0.3625498007968127,0.1504201190141764,0.1116857287357935,0.0056292712642064,1.3468159335738754,1.06,-0.6974555170639779,1.6415243494222156,-0.387722821462971,-0.0051710428834009,0.0159264976146638,-0.0170781612470504,1,14.350000381469728,15.960000038146973,2.618500381469726
XOM,2023-12-31,2024-02-02,1.0,103.22,107.78,-1.21,-5.39,2.19,9.61,8.44,23.0,8.49,9.2,9.26,9.31,1.0,0.0,14.0,0.0,103580500000.0,359554000000.0,311528000000.0,15.0,6079.2,5535.2,343.47,242.91,-16.85,9.62,11.93,-48.99,17.01,-41.54,-41.44,-2.29,-5.62,103.0,102.0,103.0,0.975,1.5699999999999998,2.545,2.470873786407767,0.58072,0.58072,0.58072,0.24414,57.95908527345364,-0.33658,2716,6117,0.5172156412843656,1.0,0.9708737864077666,1,1.5000000000000004,2024-02-01,493.0,476.0979309082031,0.1131321428571428,0.1182013636363636,0.12707,0.0050692207792207,0.0139378571428571,0,0.1235842857142857,0.11244,0.0111442857142857,0.00488,0.34140792960352,0.0797928494196257,0.2828685258964143,0.1780200655158496,0.116817741587399,-0.0036855987302561,1.5239129185069984,1.22,0.584446402387558,1.2254441608881923,-0.4916162798548631,0.0023973451672012,0.0350152776568846,-0.0042136896947377,1,13.880000114440918,15.5,2.5667858287266316
JPM,2024-03-31,2024-04-12,1.0,191.38,169.05,-4.49,8.13,3.85,4.11,3.56,17.0,4.21,4.28,4.28,3.83,1.0,0.0,4.0,3.0,39216000000.0,40911300000.0,37521200000.0,15.0,20792.8,20536.32,452.27,1195.85,53.6,283.62,57.34,-14.85,-29.79,29.89,33.46,-17.27,-3.93,195.0,182.5,195.0,3.55,3.125,6.675,3.4230769230769234,0.81486,0.82461,0.819735,0.253895,69.02718561486334,-0.58535,2296,6335,0.7303711578749883,1.0,6.41025641025641,0,-2.9871794871794863,2024-04-11,523.0,505.6929626464844,0.1277671428571428,0.1342714285714285,0.136825,0.0065042857142856,0.0090578571428571,0,0.15146,0.12219,0.02927,0.0090578571428571,0.7347237621069815,0.2913515476815048,0.6533864541832669,0.1252908828616006,0.0979763922556989,0.0297907506014439,1.2787864502564683,1.08,-0.6598101187782599,1.063518521961318,-0.7236019371923722,0.0096088190470886,0.0054750160448977,-0.0098820902306432,1,14.90999984741211,16.489999771118164,2.1332855616978215
JNJ,2024-03-31,2024-04-16,0.0,158.18,160.43,-8.68,-9.96,2.64,2.74,2.56,15.0,2.64,2.63,2.63,2.61,0.0,0.0,4.0,1.0,21398100000.0,21710900000.0,21105000000.0,14.0,9847.2,9112.8,-145.07,743.54,6.46,298.85,-1.52,-2.55,-13.91,10.28,4.0,-0.66,-0.61,148.0,145.0,148.0,1.94,2.215,4.154999999999999,2.807432432432432,0.33682,0.32707,0.33194500000000005,0.205115,38.20813689014748,-0.14146000000000003,359,956,0.6884318304293157,4.0,2.0270270270270285,1,0.7804054054054035,2024-04-15,508.0,492.4649658203125,0.166095,0.16447,0.161215,-0.0016249999999999,-0.0048799999999999,1,0.19048,0.1444885714285714,0.0459914285714285,0.0013892857142857,1.0,0.7244521570684853,0.9641434262948207,0.1496843384115066,0.1174308724311444,0.0486641275688555,1.2746591702218175,1.12,-0.5844785652367052,1.545971651300599,-0.0959278112634901,-0.0275097992729476,-0.0173464132222024,-0.0357817517553398,1,19.229999542236328,19.549999237060547,2.6204995422363275
TSLA,2024-03-31,2024-04-23,0.0,170.83,207.83,-15.31,-30.39,0.48,0.82,0.19,26.0,0.53,0.58,0.68,0.77,0.0,0.0,0.0,1.0,20782700000.0,24608200000.0,17624800000.0,24.0,26207.2,26281.12,-89.6,129.04,18.8,314.45,21.48,-40.34,7.58,-17.03,-34.89,-7.35,-7.57,143.33,163.33,143.0,6.45,7.3,13.75,9.593246354566384,1.15631,1.15631,1.15631,0.57584,50.20020582715708,-0.5560799999999999,320,12177,1.2299298374039218,4.0,13.953812879369277,0,-4.360566524802893,2024-04-22,503.0,487.8472595214844,0.1500657142857143,0.14658,0.146585,-0.0034857142857143,-0.0034807142857142,1,0.17097,0.13195,0.03902,0.0013942857142857,0.7472319527826904,0.5433229750998831,0.848605577689243,0.1082338071617961,0.1128974327853514,0.0371682815003628,0.95869148209577,1.22,0.0904387253653976,1.0781228283726747,-0.5886391275643681,-0.0093767204153015,-0.0430487358682216,-0.0448229566884619,1,16.940000534057617,17.6299991607666,1.9334291054861872
GOOGL,2024-03-31,2024-04-25,1.0,150.67,152.19,3.54,2.51,1.51,1.66,1.35,40.0,1.51,1.51,1.51,1.49,2.0,0.0,7.0,0.0,78591300000.0,79890000000.0,77037000000.0,35.0,-413985.68,-414312.72,388.27,296.11,8.68,300.81,7.94,56.19,5.81,15.04,12.63,1.25,0.96,160.0,172.5,160.0,4.025,4.775,8.8,5.500000000000001,0.94168,0.92217,0.931925,0.25877,72.23274405129168,-0.5951,13726,9823,0.6560597817718973,2.0,7.8125,0,-2.312499999999999,2024-04-24,507.0,493.4020690917969,0.136825,0.136825,0.141705,0.0,0.00488,0,0.17097,0.12219,0.04878,0.0097549999999999,0.5384372782464718,0.3937043464223738,0.7330677290836654,0.1341956863401745,0.1226830850850508,0.0141419149149491,1.0938401675108065,1.17,-0.2813869012510898,0.5635539110146777,-1.327794456995396,0.0097092671891432,-0.0276275567569628,-0.033946957125127,1,15.970000267028809,16.84000015258789,2.2875002670288076
MSFT,2024-03-31,2024-04-25,1.0,421.65,403.93,-5.36,-1.21,2.82,2.95,2.78,32.0,2.83,2.6,2.61,2.64,1.0,0.0,2.0,1.0,60803700000.0,62059100000.0,60274900000.0,34.0,-695.2,1002.72,-642.13,1640.51,17.58,0.0,13.87,-37.66,-50.85,38.87,32.52,1.51,4.92,410.0,407.5,410.0,9.025,9.75,18.775,4.579268292682927,0.77583,0.77583,0.77583,0.22951,70.41748836729697,-0.48291000000000006,4175,3857,0.7937942256958997,2.0,0.6097560975609762,1,3.9695121951219505,2024-04-24,507.0,493.4020690917969,0.136825,0.136825,0.141705,0.0,0.00488,0,0.17097,0.12219,0.04878,0.0097549999999999,0.5384372782464718,0.3937043464223738,0.7330677290836654,0.1341956863401745,0.1226830850850508,0.0141419149149491,1.0938401675108065,1.17,-0.2813869012510898,0.5635539110146777,-1.327794456995396,0.0097092671891432,-0.0276275567569628,-0.033946957125127,1,15.970000267028809,16.84000015258789,2.2875002670288076
XOM,2024-03-31,2024-04-26,0.0,114.97,103.0,2.6,14.52,2.2,2.58,2.0,17.0,2.22,2.2,2.06,2.1,1.0,0.0,12.0,1.0,78352300000.0,86493000000.0,59445500000.0,8.0,6728.8,5967.36,116.8,373.39,-16.05,277.89,-16.54,-27.06,9.25,-27.6,-30.56,-0.71,-2.78,121.0,120.0,121.0,1.4,1.43,2.83,2.3388429752066116,0.48316,0.6295,0.55633,0.21975,60.50006291230026,-0.346335,3774,7642,0.7165052544817638,1.0,0.8264462809917328,1,1.5123966942148788,2024-04-25,511.0,491.5276794433594,0.1319457142857143,0.1368278571428571,0.1388583333333333,0.0048821428571428,0.006912619047619,0,0.13195,0.1500657142857143,-0.0181157142857142,0.0090621428571428,0.4614951397258426,0.3385689495137013,0.6772908366533864,0.1379876720058085,0.1229735897603485,0.0089721245253657,1.122091924572744,1.21,-0.0670061162955772,0.8534634576395738,-0.8443372946463515,0.0079476169946757,-0.0295292490085234,-0.0376169048955919,1,15.369999885559082,16.3700008392334,2.1754284569876514
AMZN,2024-03-31,2024-04-30,1.0,180.38,155.2,-2.98,12.76,0.83,0.98,0.55,39.0,0.78,0.77,0.83,0.71,1.0,0.0,10.0,1.0,142497000000.0,146577000000.0,138000000000.0,44.0,-156733.6,-158017.12,552.53,207.12,11.83,301.71,11.48,300.0,6.38,57.87,200.88,3.17,4.03,180.0,180.0,180.0,7.85,6.725,14.575,8.097222222222221,0.97095,0.9612,0.966075,0.405115,58.065885153844164,-0.56584,19104,15664,0.4375888888606197,4.0,0.0,1,8.097222222222221,2024-04-29,513.0,497.9416198730469,0.13195,0.1319449999999999,0.1319449999999999,-5.000000000032756e-06,-5.000000000032756e-06,1,0.1417,0.1152257142857142,0.0264742857142857,-0.0034871428571428,0.4615627217535286,0.3386173776181445,0.7091633466135459,0.1039141119982902,0.1252031035373971,0.0067468964626028,0.8299643464289364,1.16,-0.4252358756180824,0.9848042441124726,-0.5905529024858356,0.0206916409891566,-0.024872384871474,-0.0250587762271753,1,14.670000076293944,16.0,1.475000076293945
AAPL,2024-03-31,2024-05-02,1.0,168.84,185.85,2.48,-6.9,1.5,1.55,1.41,27.0,1.4,1.51,1.51,1.45,1.0,0.0,4.0,1.0,90011200000.0,91900000000.0,87818100000.0,25.0,-50921.6,-49194.56,-627.2,980.54,2.07,0.0,0.3,-23.18,-46.79,11.02,12.1,2.91,3.02,170.0,182.5,170.0,3.125,3.625,6.75,3.9705882352941173,0.68803,0.65876,0.673395,0.21487499999999998,68.09079366493663,-0.399985,22485,10990,0.7144177285553946,2.0,7.352941176470584,0,-3.382352941176467,2024-05-01,504.0,488.4623718261719,0.136825,0.136825,0.1412983333333333,0.0,0.0044733333333333,0,0.15146,0.13195,0.01951,0.00488,0.5384372782464718,0.3937043464223738,0.7410358565737052,0.1508508749867372,0.1343934593394126,0.0024315406605873,1.1224569687261423,1.31,0.6571287406727474,1.241740125585166,-0.1250148314916217,-0.0100115049673736,-0.0356372815007053,-0.0436186019626153,1,15.390000343322754,16.56999969482422,1.707500343322753
WMT,2024-04-30,2024-05-16,1.0,59.84,170.36,6.97,-62.43,0.52,0.55,0.51,29.0,0.52,0.52,0.52,1.6,3.0,0.0,7.0,0.0,159502000000.0,161142000000.0,157591000000.0,27.0,-44866.24,-40619.2,-1538.13,2315.5,,,6.15,-64.86,-139.87,,,,,60.0,65.0,60.0,1.05,1.1749999999999998,2.2249999999999996,3.708333333333333,0.63925,0.61974,0.6294949999999999,0.136825,78.26432298906266,-0.42437499999999995,25273,12174,0.9331212253687602,2.0,8.333333333333325,0,-4.624999999999992,2024-05-15,531.0,517.1930541992188,0.1075599999999999,0.1075549999999999,0.1164,-5.000000000005e-06,0.00884,0,0.12219,0.09292,0.0292699999999999,-4.999999999991123e-06,0.0,0.0630130352314459,0.1513944223107569,0.0758850507950678,0.1204028449103075,-0.0128428449103075,0.6302596159716771,1.44,0.903341703920456,5.784256529042648,3.5645359611975973,0.0243431193461276,0.05213184286234,0.0,1,12.449999809265137,14.079999923706056,1.6939998092651385
NVDA,2024-04-30,2024-05-22,0.0,795.18,785.38,19.41,20.9,5.59,6.12,5.32,36.0,5.57,5.53,5.51,4.63,4.0,0.0,6.0,0.0,24645600000.0,26871000000.0,23660000000.0,37.0,-74481.28,-73433.86,-3946.88,5964.34,,,85.53,-325.0,-211.94,,,,,955.0,1040.0,955.0,39.0,39.575,78.575,8.227748691099476,1.1368,1.1368,1.1368,0.45389,60.07301196340605,-0.6341300000000001,2302,4520,0.7101415503014442,3.0,8.900523560209429,0,-0.6727748691099524,2024-05-21,533.0,518.7355346679688,0.10268,0.1034929166666666,0.1134807142857142,0.0008129166666666,0.0108007142857142,0,0.1207971428571428,0.09292,0.0278771428571428,0.0041785714285714,0.0,0.0078695669720327,0.0358565737051792,0.086354512169092,0.1069212091653512,-0.0042412091653512,0.8076462363565935,1.13,-0.9284166476979776,0.5405521839872385,-0.9195479796798068,0.015402367335084,0.0633154630750243,0.0,1,11.859999656677246,13.949999809265137,1.5919996566772472
JPM,2024-06-30,2024-07-12,1.0,191.53,182.79,7.0,12.12,3.83,4.24,3.63,13.0,3.8,4.28,3.79,4.12,5.0,0.0,12.0,0.0,45663900000.0,46620500000.0,43827000000.0,8.0,22397.6,21428.8,2559.47,3162.47,21.27,-71.95,49.06,8.29,46.05,9.54,8.3,-5.58,-3.12,207.5,210.0,207.5,2.965,2.925,5.89,2.83855421686747,0.68803,0.66852,0.678275,0.20024,70.47805093804136,-0.468275,2190,4329,0.8303719118510218,1.0,1.2048192771084265,1,1.6337349397590435,2024-07-11,563.0,545.0112915039062,0.1033771428571428,0.1147614285714285,0.117315,0.0113842857142857,0.0139378571428571,0,0.12219,0.10268,0.01951,0.0090578571428571,0.2353863314340843,0.0601763363955854,0.0876494023904382,0.1096558475951091,0.070587364273002,0.0327897785841408,1.5534770100071558,1.04,-0.8702271965788143,1.6087282030926693,-0.1464020075439816,0.0091029249464962,0.0422192967784624,-0.0086226134184806,1,12.920000076293944,14.670000076293944,2.5822857905796592
JNJ,2024-06-30,2024-07-17,1.0,145.95,145.74,7.28,7.44,2.7,2.75,2.61,15.0,2.5,2.52,2.71,2.56,1.0,0.0,3.0,0.0,22306500000.0,22513600000.0,21975000000.0,14.0,8650.4,9414.72,-281.07,720.41,2.34,-74.89,0.48,-17.91,-3.93,606.09,0.43,1.55,-0.55,150.0,155.0,150.0,2.615,1.54,4.155,2.7700000000000005,0.37584,0.37584,0.37584,0.209995,44.12648999574287,-0.19999,9010,3240,0.36566885208189553,3.0,3.3333333333333437,0,-0.5633333333333432,2024-07-16,571.0,553.2185668945312,0.1075599999999999,0.1159221428571428,0.1200261111111111,0.0083621428571428,0.0124661111111111,0,0.12219,0.10268,0.01951,0.004875,0.5001281065846779,0.1053085886922743,0.2270916334661354,0.1127904625867153,0.0702097273143107,0.0373502726856892,1.6064791432928045,1.08,-0.4407264652589989,0.7311172140540899,-0.7636795458994962,0.0162640449312223,0.0446719263321049,0.0,1,13.1899995803833,14.90999984741211,2.4339995803833023
GOOGL,2024-06-30,2024-07-23,1.0,179.63,159.13,1.2,14.24,1.84,2.01,1.66,38.0,1.84,1.84,1.83,1.68,3.0,0.0,10.0,0.0,84191000000.0,85476400000.0,82392400000.0,36.0,-413134.48,-414052.88,350.93,311.34,15.41,-73.8,9.73,61.54,15.24,52.11,46.26,2.0,6.68,182.5,172.5,182.5,5.325,6.0,11.325,6.205479452054794,0.74657,0.73681,0.74169,0.400235,46.0374280359719,-0.41461999999999993,2155,4617,0.5369069572506286,4.0,5.47945205479452,1,0.7260273972602738,2024-07-22,577.0,543.2191162109375,0.1249821428571428,0.122195,0.12707,-0.0027871428571428,0.0020878571428571,0,0.1417,0.11244,0.0292599999999999,0.0020878571428571,0.7959631876176535,0.29329027683581,0.6772908366533864,0.1613148535451474,0.1003786592930581,0.0246034835640846,1.607063241143562,1.13,0.3855352771820794,0.7624540898689419,-0.8528506279066228,-0.0122521502691305,0.0172567049878495,-0.0180750453473123,1,14.90999984741211,16.09000015258789,2.4117855616978225
TSLA,2024-06-30,2024-07-23,0.0,183.01,162.13,34.63,51.96,0.62,0.87,0.42,29.0,0.62,0.59,0.55,0.63,0.0,0.0,14.0,1.0,24772800000.0,28396400000.0,23350000000.0,27.0,26140.0,26301.28,-119.47,64.34,-8.69,-77.99,16.18,-47.06,-36.62,-22.51,-56.04,-1.99,-5.92,252.5,215.0,252.5,11.425,12.125,23.55,9.326732673267326,1.12705,1.10753,1.1172900000000001,0.658765,41.03903194336296,-0.5170600000000001,4412,17870,0.5917639083255295,4.0,14.851485148514854,0,-5.524752475247528,2024-07-22,577.0,543.2191162109375,0.1249821428571428,0.122195,0.12707,-0.0027871428571428,0.0020878571428571,0,0.1417,0.11244,0.0292599999999999,0.0020878571428571,0.7959631876176535,0.29329027683581,0.6772908366533864,0.1613148535451474,0.1003786592930581,0.0246034835640846,1.607063241143562,1.13,0.3855352771820794,0.7624540898689419,-0.8528506279066228,-0.0122521502691305,0.0172567049878495,-0.0180750453473123,1,14.90999984741211,16.09000015258789,2.4117855616978225
AMZN,2024-06-30,2024-08-01,1.0,200.0,186.21,-7.97,-1.15,1.03,1.16,0.78,37.0,0.94,1.02,1.02,0.94,2.0,0.0,5.0,0.0,148557000000.0,150189000000.0,146532000000.0,40.0,-156397.6,-157363.04,433.07,201.21,12.53,-75.07,11.9,216.13,-2.0,69.79,220.63,2.55,6.93,187.5,167.5,187.5,6.35,6.725,13.075,6.973333333333333,1.19534,1.17583,1.185585,0.400235,66.24156007371889,-0.7902250000000002,4958,4606,0.3946902376248534,2.0,10.666666666666668,0,-3.693333333333335,2024-07-31,572.0,539.4581909179688,0.13195,0.12707,0.1319449999999999,-0.0048799999999999,-5.000000000032756e-06,1,0.16122,0.13195,0.0292699999999999,0.014635,0.5765450708471511,0.3684721622788089,0.7649402390438247,0.1538870269139442,0.147354712344309,-0.015404712344309,1.044330544070907,1.33,2.394631506869598,1.9077244069615125,0.2931176391296535,0.0177004335986754,0.010030386105813,-0.0248733083088764,1,16.360000610351562,16.969999313354492,3.165000610351562
AAPL,2024-06-30,2024-08-01,1.0,220.27,183.38,-0.87,19.08,1.35,1.45,1.29,26.0,1.34,1.24,1.32,1.22,1.0,0.0,9.0,0.0,78096700000.0,82103900000.0,76606000000.0,25.0,-50854.4,-49496.96,-649.6,974.0,-4.31,-24.1,-0.1,0.66,31.9,-1.54,-1.48,2.32,0.88,222.5,220.0,222.5,4.4,4.625,9.025,4.056179775280899,0.69779,0.67828,0.688035,0.32219,53.17244035550517,-0.40974499999999997,7505,14021,0.6749971310900583,2.0,1.1235955056179803,1,2.932584269662919,2024-07-31,572.0,539.4581909179688,0.13195,0.12707,0.1319449999999999,-0.0048799999999999,-5.000000000032756e-06,1,0.16122,0.13195,0.0292699999999999,0.014635,0.5765450708471511,0.3684721622788089,0.7649402390438247,0.1538870269139442,0.147354712344309,-0.015404712344309,1.044330544070907,1.33,2.394631506869598,1.9077244069615125,0.2931176391296535,0.0177004335986754,0.010030386105813,-0.0248733083088764,1,16.360000610351562,16.969999313354492,3.165000610351562
XOM,2024-06-30,2024-08-02,1.0,114.76,116.0,1.85,0.76,2.01,2.2,1.87,18.0,1.86,2.2,2.35,2.46,0.0,0.0,0.0,1.0,90986800000.0,129565000000.0,63219600000.0,9.0,6348.0,6203.36,207.47,379.07,-3.87,-75.97,-16.52,-27.21,-16.94,-17.94,-30.04,-5.14,-4.63,117.0,115.0,117.0,1.355,1.4649999999999999,2.82,2.41025641025641,0.56121,0.59047,0.57584,0.400235,30.495450125034733,-0.35121,1832,2249,0.8232158485161907,1.0,1.7094017094017144,1,0.7008547008546957,2024-08-01,561.0,531.8189086914062,0.1598214285714286,0.14658,0.15146,-0.0132414285714285,-0.0083614285714285,1,0.19048,0.1403071428571428,0.0501728571428571,0.0055721428571428,1.0,0.6691997040508048,0.9243027888446216,0.1942777160600553,0.1539378438603243,0.0058835847111042,1.2620529896230934,1.06,-0.3577078700362205,2.2635956989151578,0.5283298780930681,0.0085436578101438,-0.0109289853195394,-0.0386821041152886,1,18.59000015258789,19.13999938964844,2.607857295445031
WMT,2024-07-31,2024-08-15,1.0,69.99,64.65,4.56,13.19,0.65,0.66,0.62,30.0,0.64,0.64,0.64,0.64,3.0,0.0,4.0,1.0,168533000000.0,169427000000.0,167259000000.0,27.0,-44687.04,-41405.44,-1620.27,2277.82,6.05,,5.67,-59.18,198.36,75.52,9.63,0.5,0.14,69.0,73.0,69.0,1.745,2.24,3.9850000000000003,5.77536231884058,0.94168,1.01973,0.9807049999999999,0.166095,83.06371436874494,-0.712175,2967,9160,0.7668097281831188,2.0,5.797101449275366,0,-0.021739130434785814,2024-08-14,545.0,532.543701171875,0.141705,0.136825,0.148533,-0.00488,0.0068279999999999,0,0.15146,0.12219,0.02927,-0.00488,0.2811276281170143,0.2876954688209389,0.7928286852589641,0.1530071129185833,0.2153952577744443,-0.0736902577744443,0.7103550676998095,1.08,-0.6936003526501364,0.9924088544953577,-0.5030387284388246,0.0483747702413641,-0.0373719664520909,-0.0373719664520909,1,16.190000534057617,18.450000762939453,2.019500534057615
NVDA,2024-07-31,2024-08-28,1.0,111.59,1105.0,12.56,-88.63,0.64,0.71,0.6,39.0,0.57,0.63,0.63,5.86,3.0,0.0,8.0,0.0,25675700000.0,27245700000.0,23992800000.0,40.0,-85632.0,-76919.74,-1909.97,6214.91,262.12,,190.87,461.47,236.0,567.66,690.14,13.72,35.16,128.0,118.0,128.0,7.075,6.625,13.7,10.703125,1.48801,1.4685,1.4782549999999999,0.65389,55.76608907123601,-0.8146099999999998,25508,32386,0.603872986423706,3.0,7.8125,1,2.890625,2024-08-27,579.0,549.9866943359375,0.1131321428571428,0.117315,0.1319449999999999,0.0041828571428571,0.0188128571428571,0,0.15146,0.1040742857142857,0.0473857142857143,0.0146349999999999,0.0,0.1004666445123636,0.398406374501992,0.1088089785034242,0.2007788244808471,-0.0876466816237042,0.5419345331101084,1.05,-0.9250729343537496,0.7198845304752605,-0.6065221581934207,0.005119079130168,0.0308392107263317,-0.0058419452129665,1,15.43000030517578,17.729999542236328,4.116786019461493
JPM,2024-09-30,2024-10-11,1.0,207.23,204.94,7.27,8.47,4.01,4.21,3.83,15.0,4.01,4.02,3.67,4.0,2.0,0.0,7.0,1.0,41625400000.0,42154700000.0,40427000000.0,13.0,29725.6,22508.8,3304.0,3165.0,16.06,2.37,40.38,28.84,37.84,40.59,33.26,-3.52,4.46,212.5,222.5,212.5,3.375,2.955,6.33,2.978823529411765,0.7173,0.70754,0.71242,0.22463,68.46944218298195,-0.43413000000000007,3142,2850,0.984483333951281,1.0,4.705882352941182,0,-1.727058823529417,2024-10-10,577.0,565.9871215820312,0.16122,0.16122,0.15634,0.0,-0.0048799999999999,1,0.20024,0.1403071428571428,0.0599328571428571,0.0090535714285714,0.7834299690297083,0.4155710427656061,0.900398406374502,0.1283319894291399,0.0976775504008147,0.0635424495991852,1.313833003617887,1.2,-0.5438023720497828,0.440229522081081,-0.7742450342551279,0.0146348001724405,0.0423456250718687,-0.0017501685524917,1,20.93000030517578,21.020000457763672,4.808000305175781
JNJ,2024-09-30,2024-10-15,1.0,165.52,156.58,-0.86,4.8,2.21,2.42,1.99,14.0,2.19,1.96,2.18,2.13,1.0,0.0,5.0,1.0,22164100000.0,22321000000.0,21895000000.0,13.0,8976.8,9509.92,-66.13,704.25,4.31,4.98,2.84,0.71,28.18,-7.77,4.7,-0.57,0.11,162.5,165.0,162.5,1.735,2.65,4.385,2.6984615384615385,0.23926,0.23926,0.23926,0.15146,36.696480815848865,-0.029265000000000013,3295,1108,0.5060532687651331,7.0,1.538461538461533,1,1.1600000000000055,2024-10-14,585.0,574.0328979492188,0.1542485714285714,0.15146,0.14658,-0.0027885714285714,-0.0076685714285714,1,0.1835157142857142,0.1347357142857143,0.0487799999999999,0.0048771428571428,0.6052702556910134,0.3698894937117666,0.8645418326693227,0.0695615376827129,0.0978342718836001,0.0564142995449713,0.7110140070902236,1.38,0.7213427338227262,1.9613215598755025,0.1752687080562542,0.0290946866837573,0.0428858213643916,0.0,1,19.700000762939453,20.1200008392334,4.275143620082307
TSLA,2024-09-30,2024-10-23,1.0,250.0,220.25,-14.54,-3.0,0.58,0.7,0.41,28.0,0.58,0.6,0.61,0.63,1.0,0.0,8.0,0.0,25373000000.0,26853800000.0,23782000000.0,26.0,25916.0,26191.52,-67.2,110.87,2.3,19.71,10.42,-42.86,15.56,-8.5,-33.1,-0.24,-3.33,217.5,260.0,217.5,7.95,7.4,15.350000000000001,7.057471264367816,0.97095,0.97095,0.97095,0.7465649999999999,23.109840877491123,-0.43901,4806,21775,0.6570238639242529,3.0,19.54022988505748,0,-12.482758620689665,2024-10-22,600.0,573.050537109375,0.136825,0.1319449999999999,0.1319449999999999,-0.00488,-0.00488,1,0.18073,0.13195,0.0487799999999999,0.019515,0.2763108210162909,0.2557183844832509,0.7888446215139442,0.0428390099858035,0.08749731154241,0.0493276884575899,0.4896037287390187,1.06,-1.5921159639028604,0.4920121044505344,-1.174754773892288,0.0061057351561024,0.0239614254488473,-0.0021724249229565,1,18.200000762939453,19.170000076293945,4.517500762939452
GOOGL,2024-09-30,2024-10-29,1.0,163.95,171.54,3.49,-1.08,1.84,1.98,1.64,41.0,1.84,1.83,1.83,1.83,1.0,0.0,9.0,1.0,86302900000.0,87600000000.0,84875000000.0,38.0,-413022.48,-413754.96,530.13,328.97,13.59,5.22,10.69,31.25,0.0,26.47,25.58,0.88,3.09,167.5,175.0,167.5,5.475,6.1,11.575,6.910447761194029,0.83437,0.82461,0.82949,0.35145499999999996,57.629989511627635,-0.4633999999999999,5808,8278,0.49058141330268146,4.0,4.477611940298498,1,2.432835820895531,2024-10-28,595.0,570.6043701171875,0.1430942857142857,0.1385995454545454,0.141705,-0.0044947402597402,-0.0013892857142856,1,0.1932685714285714,0.1347357142857143,0.0585328571428571,0.0209078571428571,0.3946758010572874,0.2967990152256228,0.8406374501992032,0.0770487587295865,0.0932079697936959,0.0498863159205898,0.8266327321593236,1.56,1.641024061400327,1.0619021742669976,0.3541870264417513,-0.0047975010030499,0.0163789885026579,-0.0064318274014191,1,19.799999237060547,20.170000076293945,5.490570665631976
MSFT,2024-09-30,2024-10-30,1.0,430.3,417.11,0.52,3.7,3.1,3.18,2.96,32.0,3.09,3.1,3.1,3.11,1.0,0.0,3.0,0.0,64508100000.0,65196500000.0,64221700000.0,32.0,-426.4,1110.24,-761.6,1531.86,17.03,-0.26,16.28,20.0,104.17,25.59,23.39,0.59,2.3,432.5,407.5,432.5,10.125,10.6,20.725,4.791907514450868,0.65876,0.66852,0.66364,0.390475,41.16162377192454,-0.380475,1454,1360,0.4311977439442933,3.0,5.780346820809246,0,-0.9884393063583783,2024-10-29,600.0,571.5277709960938,0.1437914285714285,0.136825,0.136825,-0.0069664285714285,-0.0069664285714285,1,0.19048,0.1347371428571428,0.0557428571428571,0.0188171428571428,0.4078379544718954,0.3013671701310069,0.8446215139442231,0.0792820510060303,0.0925320337142016,0.0512593948572269,0.856806533085658,1.15,-0.605538662589658,0.4456640672295623,-1.0182773641011695,-0.0026572981171303,0.0139604976120157,-0.0048239502594294,1,19.34000015258789,19.959999084472656,4.9608572954450345
AMZN,2024-09-30,2024-10-31,1.0,185.13,167.9,0.69,11.02,1.14,1.26,0.94,40.0,1.14,1.14,1.14,1.16,3.0,0.0,7.0,2.0,157200000000.0,159109000000.0,156011000000.0,43.0,-155882.4,-156760.48,500.27,113.53,10.12,3.25,11.78,93.85,28.57,39.11,92.28,1.76,4.26,192.5,197.5,192.5,6.575,6.15,12.725000000000001,6.6103896103896105,1.1368,1.10753,1.1221649999999999,0.32707,70.85366234020843,-0.7414449999999999,6636,4964,0.4618735079066913,2.0,2.5974025974025983,1,4.012987012987012,2024-10-30,595.0,569.798828125,0.156335,0.1474713636363636,0.146585,-0.0088636363636363,-0.0097499999999999,1,0.20024,0.13195,0.0682899999999999,0.0097599999999999,0.6446623152443628,0.3835611950218346,0.896414342629482,0.0386186816576626,0.0868148732370444,0.0695201267629555,0.444839463765798,1.13,-0.6380048146073912,1.1369981019124642,0.5618548549147033,0.0034948674475343,0.020031019677664,-0.007834482072579,1,20.350000381469727,20.760000228881836,4.716500381469727
XOM,2024-09-30,2024-11-01,1.0,121.52,116.88,-5.41,-1.65,1.88,1.98,1.8,19.0,1.9,1.97,2.12,2.31,0.0,0.0,8.0,1.0,93938400000.0,126109000000.0,87589000000.0,9.0,6701.6,6390.08,27.2,377.56,11.38,11.91,-11.34,10.31,3.88,22.15,9.51,-2.43,-0.21,117.0,119.0,117.0,1.405,1.585,2.99,2.555555555555556,0.61974,0.60023,0.609985,0.33194500000000005,45.58144872414895,-0.34633,499,805,0.5194844005259592,1.0,1.7094017094017033,1,0.8461538461538525,2024-10-31,585.0,558.6290283203125,0.1653985714285714,0.1567836363636363,0.15634,-0.008614935064935,-0.0090585714285714,1,0.21975,0.1598257142857143,0.0599242857142857,0.0243892857142857,0.8157837954471892,0.4429518892784095,0.9482071713147412,0.1474639762886978,0.1127345479037353,0.052664023524836,1.308063757124552,1.02,-1.1540848053547654,3.125548914478739,3.219086474569925,-0.0182997450443463,-0.0003866267341683,-0.0272839608383237,1,23.15999984741211,22.63999938964844,6.620142704554969
WMT,2024-10-31,2024-11-19,1.0,81.31,75.24,6.51,15.1,0.5329,0.56,0.51,34.0,0.5297,0.5271,0.5289,0.5289,6.0,0.0,10.0,1.0,166615124820.0,168766621190.0,164590000000.0,21.0,-44642.24,-42774.08,109.83,2249.85,4.77,4.85,5.34,-63.59,11.67,-29.22,8.53,0.5,0.16,84.0,87.0,84.0,2.5599999999999996,2.245,4.805,5.720238095238095,0.70754,0.65876,0.6831499999999999,0.21975,67.83283319915098,-0.4048649999999999,2887,7140,0.41509033587971383,4.0,3.571428571428581,1,2.148809523809514,2024-11-18,590.0,577.7955322265625,0.1305557142857143,0.12707,0.136825,-0.0034857142857142,0.0062692857142856,0,0.1584314285714285,0.11244,0.0459914285714285,0.0048799999999999,0.3333245715487334,0.2146377537408791,0.7051792828685259,0.1036426004869082,0.1414088348967774,-0.0108531206110631,0.7329287492012999,0.94,-1.3414838969727358,0.5222805721063044,-0.6833350479441118,-0.0177198666649373,0.0060898253759764,-0.0177198666649373,1,15.579999923706056,17.190000534057617,2.524428495134625
NVDA,2024-10-31,2024-11-20,1.0,143.71,123.74,1.52,17.9,0.746,0.8,0.72,43.0,0.7416,0.7409,0.7403,0.7084,4.0,0.0,6.0,2.0,33135767490.0,34513000000.0,31920000000.0,45.0,-85542.4,-79950.02,-3639.25,6020.52,122.4,15.34,178.65,151.85,11.11,165.93,174.15,5.1,11.72,147.0,147.0,147.0,6.05,6.0,12.05,8.197278911564625,1.1368,1.1368,1.1368,0.52218,54.06579873328642,-0.6292500000000001,12091,16135,0.6307555934618407,3.0,0.0,1,8.197278911564625,2024-11-19,593.0,579.9076538085938,0.1312528571428571,0.1322982142857142,0.136825,0.0010453571428571,0.0055721428571428,0,0.1598257142857142,0.1138328571428571,0.0459928571428571,0.0055764285714285,0.3506263562176344,0.2192059086462631,0.7051792828685259,0.1159338048271875,0.1416856151438964,-0.0104327580010392,0.8182468256177227,1.17,-0.0030139744075265,0.8457619302950208,-0.5085704120544561,-0.0110571621695607,0.0114285422301336,-0.0141291586142492,1,16.350000381469727,17.690000534057617,3.22471466718401
