date,cash,equity,deployed_margin,n_open,realized_pnl_cum,opened,reject_reason
2024-07-01,100000.0,100000.0,0.0,0,0.0,False,
2024-07-02,109020.9,99990.9,2000.0,1,0.0,True,
2024-07-03,117964.79999999999,99981.79999999999,4000.0,2,0.0,True,
2024-07-05,126691.69999999998,99972.69999999998,6000.0,3,0.0,True,
2024-07-08,136174.59999999998,99963.59999999998,8000.0,4,0.0,True,
2024-07-09,145461.49999999997,99954.49999999997,10000.0,5,0.0,True,
2024-07-10,144547.29999999996,98606.29999999996,10000.0,5,-1348.2000000000003,True,
2024-07-11,145369.09999999995,99029.09999999995,10000.0,5,-925.400000000001,True,
2024-07-12,137449.99999999994,99845.99999999994,8000.0,4,-117.60000000000127,False,
2024-07-15,136828.09999999995,99920.09999999995,8000.0,4,-44.80000000000197,True,
2024-07-16,135628.19999999995,99364.19999999995,8000.0,4,-602.0000000000017,True,
2024-07-17,125651.09999999995,98851.09999999995,6000.0,3,-1124.200000000002,False,
2024-07-18,124558.19999999994,97630.19999999994,6000.0,3,-2346.4000000000024,True,
2024-07-19,133664.99999999994,97624.99999999994,8000.0,4,-2346.4000000000024,True,
2024-07-22,123439.19999999994,96195.19999999994,6000.0,3,-3784.0000000000027,False,
2024-07-23,111509.39999999994,92917.39999999994,4000.0,2,-7069.600000000002,False,
2024-07-24,111509.39999999994,92917.39999999994,4000.0,2,-7069.600000000002,False,
2024-07-25,97845.59999999993,88733.59999999993,2000.0,1,-11261.200000000004,False,
2024-07-26,87324.39999999994,87324.39999999994,0.0,0,-12675.600000000006,False,
2024-07-29,87324.39999999994,87324.39999999994,0.0,0,-12675.600000000006,False,
2024-07-30,87324.39999999994,87324.39999999994,0.0,0,-12675.600000000006,False,
2024-07-31,87324.39999999994,87324.39999999994,0.0,0,-12675.600000000006,False,
2024-08-01,87324.39999999994,87324.39999999994,0.0,0,-12675.600000000006,False,
2024-08-02,87324.39999999994,87324.39999999994,0.0,0,-12675.600000000006,False,
2024-08-05,96971.49999999994,87320.49999999994,2000.0,1,-12675.600000000006,True,
2024-08-06,96971.49999999994,87320.49999999994,2000.0,1,-12675.600000000006,False,
2024-08-07,96971.49999999994,87320.49999999994,2000.0,1,-12675.600000000006,False,
2024-08-08,96971.49999999994,87320.49999999994,2000.0,1,-12675.600000000006,False,
2024-08-09,96971.49999999994,87320.49999999994,2000.0,1,-12675.600000000006,False,
2024-08-12,91120.59999999995,91120.59999999995,0.0,0,-8879.400000000005,False,
2024-08-13,91120.59999999995,91120.59999999995,0.0,0,-8879.400000000005,False,
2024-08-14,91120.59999999995,91120.59999999995,0.0,0,-8879.400000000005,False,
2024-08-15,91120.59999999995,91120.59999999995,0.0,0,-8879.400000000005,False,
2024-08-16,91120.59999999995,91120.59999999995,0.0,0,-8879.400000000005,False,
2024-08-19,91120.59999999995,91120.59999999995,0.0,0,-8879.400000000005,False,
2024-08-20,91120.59999999995,91120.59999999995,0.0,0,-8879.400000000005,False,
2024-08-21,91120.59999999995,91120.59999999995,0.0,0,-8879.400000000005,False,
2024-08-22,91120.59999999995,91120.59999999995,0.0,0,-8879.400000000005,False,
2024-08-23,91120.59999999995,91120.59999999995,0.0,0,-8879.400000000005,False,
2024-08-26,91120.59999999995,91120.59999999995,0.0,0,-8879.400000000005,False,
2024-08-27,91120.59999999995,91120.59999999995,0.0,0,-8879.400000000005,False,
2024-08-28,91120.59999999995,91120.59999999995,0.0,0,-8879.400000000005,False,
2024-08-29,91120.59999999995,91120.59999999995,0.0,0,-8879.400000000005,False,
2024-08-30,91120.59999999995,91120.59999999995,0.0,0,-8879.400000000005,False,
2024-09-03,91120.59999999995,91120.59999999995,0.0,0,-8879.400000000005,False,
2024-09-04,91120.59999999995,91120.59999999995,0.0,0,-8879.400000000005,False,
2024-09-05,91120.59999999995,91120.59999999995,0.0,0,-8879.400000000005,False,
2024-09-06,91120.59999999995,91120.59999999995,0.0,0,-8879.400000000005,False,
2024-09-09,91120.59999999995,91120.59999999995,0.0,0,-8879.400000000005,False,
2024-09-10,91120.59999999995,91120.59999999995,0.0,0,-8879.400000000005,False,
2024-09-11,91120.59999999995,91120.59999999995,0.0,0,-8879.400000000005,False,
2024-09-12,91120.59999999995,91120.59999999995,0.0,0,-8879.400000000005,False,
2024-09-13,91120.59999999995,91120.59999999995,0.0,0,-8879.400000000005,False,
2024-09-16,91120.59999999995,91120.59999999995,0.0,0,-8879.400000000005,False,
2024-09-17,91120.59999999995,91120.59999999995,0.0,0,-8879.400000000005,False,
2024-09-18,91120.59999999995,91120.59999999995,0.0,0,-8879.400000000005,False,
2024-09-19,91120.59999999995,91120.59999999995,0.0,0,-8879.400000000005,False,
2024-09-20,91120.59999999995,91120.59999999995,0.0,0,-8879.400000000005,False,
2024-09-23,91120.59999999995,91120.59999999995,0.0,0,-8879.400000000005,False,
2024-09-24,91120.59999999995,91120.59999999995,0.0,0,-8879.400000000005,False,
2024-09-25,91120.59999999995,91120.59999999995,0.0,0,-8879.400000000005,False,
2024-09-26,91120.59999999995,91120.59999999995,0.0,0,-8879.400000000005,False,
2024-09-27,91120.59999999995,91120.59999999995,0.0,0,-8879.400000000005,False,
2024-09-30,91120.59999999995,91120.59999999995,0.0,0,-8879.400000000005,False,
2024-10-01,91120.59999999995,91120.59999999995,0.0,0,-8879.400000000005,False,
2024-10-02,100564.09999999995,91114.09999999995,2000.0,1,-8879.400000000005,True,
2024-10-03,110382.59999999995,91107.59999999995,4000.0,2,-8879.400000000005,True,
2024-10-04,110382.59999999995,91107.59999999995,4000.0,2,-8879.400000000005,False,
2024-10-07,120141.39999999995,91102.39999999995,6000.0,3,-8879.400000000005,True,
2024-10-08,129216.19999999995,91097.19999999995,8000.0,4,-8879.400000000005,True,
2024-10-09,128253.49999999996,91200.49999999996,8000.0,4,-8777.400000000007,True,
2024-10-10,127410.79999999996,91698.79999999996,8000.0,4,-8280.400000000009,True,
2024-10-11,135661.59999999995,91693.59999999995,10000.0,5,-8280.400000000009,True,
2024-10-14,133607.19999999995,90831.19999999995,10000.0,5,-9142.800000000008,True,
2024-10-15,133684.79999999996,91244.79999999996,10000.0,5,-8729.200000000008,True,
2024-10-16,133874.39999999997,91434.39999999997,10000.0,5,-8539.600000000008,True,
2024-10-17,135889.69999999995,92058.69999999995,10000.0,5,-7914.000000000007,True,
2024-10-18,136371.29999999996,92868.29999999996,10000.0,5,-7104.400000000007,True,
2024-10-21,137544.89999999997,94017.89999999997,10000.0,5,-5954.8000000000075,True,
2024-10-22,138414.49999999997,94963.49999999997,10000.0,5,-5009.200000000007,True,
2024-10-23,139632.09999999998,95801.09999999998,10000.0,5,-4171.600000000007,True,
2024-10-24,138416.39999999997,96484.39999999997,10000.0,5,-3489.6000000000067,True,
2024-10-25,137249.99999999997,94861.99999999997,10000.0,5,-5112.0000000000055,True,
2024-10-28,136523.59999999998,94171.59999999998,10000.0,5,-5802.400000000007,True,
2024-10-29,135373.19999999998,93013.19999999998,10000.0,5,-6960.800000000007,True,
2024-10-30,134962.8,92570.79999999999,10000.0,5,-7403.200000000009,True,
2024-10-31,132728.4,89016.4,10000.0,5,-10957.60000000001,True,
2024-11-01,131002.0,86882.0,10000.0,5,-13092.000000000011,True,
2024-11-04,129399.6,84383.6,10000.0,5,-15590.40000000001,True,
2024-11-05,118874.40000000001,82534.40000000001,8000.0,4,-17444.80000000001,False,
2024-11-06,112785.20000000001,85241.20000000001,6000.0,3,-14743.20000000001,False,
2024-11-07,105188.00000000001,86940.00000000001,4000.0,2,-13049.60000000001,False,
2024-11-08,97262.80000000002,87806.80000000002,2000.0,1,-12188.00000000001,False,
2024-11-11,88541.60000000002,88541.60000000002,0.0,0,-11458.400000000009,False,
2024-11-12,88541.60000000002,88541.60000000002,0.0,0,-11458.400000000009,False,
2024-11-13,88541.60000000002,88541.60000000002,0.0,0,-11458.400000000009,False,
2024-11-14,88541.60000000002,88541.60000000002,0.0,0,-11458.400000000009,False,
2024-11-15,88541.60000000002,88541.60000000002,0.0,0,-11458.400000000009,False,
2024-11-18,88541.60000000002,88541.60000000002,0.0,0,-11458.400000000009,False,
2024-11-19,88541.60000000002,88541.60000000002,0.0,0,-11458.400000000009,False,
2024-11-20,88541.60000000002,88541.60000000002,0.0,0,-11458.400000000009,False,
2024-11-21,88541.60000000002,88541.60000000002,0.0,0,-11458.400000000009,False,
2024-11-22,88541.60000000002,88541.60000000002,0.0,0,-11458.400000000009,False,
2024-11-25,88541.60000000002,88541.60000000002,0.0,0,-11458.400000000009,False,
2024-11-26,88541.60000000002,88541.60000000002,0.0,0,-11458.400000000009,False,
2024-11-27,88541.60000000002,88541.60000000002,0.0,0,-11458.400000000009,False,
2024-11-29,88541.60000000002,88541.60000000002,0.0,0,-11458.400000000009,False,
2024-12-02,88541.60000000002,88541.60000000002,0.0,0,-11458.400000000009,False,
2024-12-03,88541.60000000002,88541.60000000002,0.0,0,-11458.400000000009,False,
2024-12-04,88541.60000000002,88541.60000000002,0.0,0,-11458.400000000009,False,
2024-12-05,88541.60000000002,88541.60000000002,0.0,0,-11458.400000000009,False,
2024-12-06,88541.60000000002,88541.60000000002,0.0,0,-11458.400000000009,False,
2024-12-09,88541.60000000002,88541.60000000002,0.0,0,-11458.400000000009,False,
2024-12-10,88541.60000000002,88541.60000000002,0.0,0,-11458.400000000009,False,
2024-12-11,88541.60000000002,88541.60000000002,0.0,0,-11458.400000000009,False,
2024-12-12,88541.60000000002,88541.60000000002,0.0,0,-11458.400000000009,False,
2024-12-13,88541.60000000002,88541.60000000002,0.0,0,-11458.400000000009,False,
2024-12-16,98259.80000000002,88533.80000000002,2000.0,1,-11458.400000000009,True,
2024-12-17,106743.30000000002,88527.30000000002,4000.0,2,-11458.400000000009,True,
2024-12-18,114209.40000000002,88523.40000000002,6000.0,3,-11458.400000000009,True,
2024-12-19,123800.20000000003,88518.20000000003,8000.0,4,-11458.400000000009,True,
2024-12-20,123800.20000000003,88518.20000000003,8000.0,4,-11458.400000000009,False,
2024-12-23,113610.40000000002,88054.40000000002,6000.0,3,-11930.000000000007,False,
2024-12-24,107008.90000000002,89942.90000000002,4000.0,2,-10048.000000000007,False,
2024-12-26,100027.00000000003,90431.00000000003,2000.0,1,-9563.800000000007,False,
2024-12-27,92113.80000000003,92113.80000000003,0.0,0,-7886.200000000006,False,
2024-12-30,92113.80000000003,92113.80000000003,0.0,0,-7886.200000000006,False,
2024-12-31,92113.80000000003,92113.80000000003,0.0,0,-7886.200000000006,False,
2025-01-02,92113.80000000003,92113.80000000003,0.0,0,-7886.200000000006,False,
2025-01-03,92113.80000000003,92113.80000000003,0.0,0,-7886.200000000006,False,
2025-01-06,92113.80000000003,92113.80000000003,0.0,0,-7886.200000000006,False,
2025-01-07,92113.80000000003,92113.80000000003,0.0,0,-7886.200000000006,False,
2025-01-08,92113.80000000003,92113.80000000003,0.0,0,-7886.200000000006,False,
2025-01-10,92113.80000000003,92113.80000000003,0.0,0,-7886.200000000006,False,
2025-01-13,92113.80000000003,92113.80000000003,0.0,0,-7886.200000000006,False,
2025-01-14,92113.80000000003,92113.80000000003,0.0,0,-7886.200000000006,False,
2025-01-15,92113.80000000003,92113.80000000003,0.0,0,-7886.200000000006,False,
2025-01-16,92113.80000000003,92113.80000000003,0.0,0,-7886.200000000006,False,
2025-01-17,92113.80000000003,92113.80000000003,0.0,0,-7886.200000000006,False,
2025-01-21,92113.80000000003,92113.80000000003,0.0,0,-7886.200000000006,False,
2025-01-22,92113.80000000003,92113.80000000003,0.0,0,-7886.200000000006,False,
2025-01-23,92113.80000000003,92113.80000000003,0.0,0,-7886.200000000006,False,
2025-01-24,92113.80000000003,92113.80000000003,0.0,0,-7886.200000000006,False,
2025-01-27,92113.80000000003,92113.80000000003,0.0,0,-7886.200000000006,False,
2025-01-28,92113.80000000003,92113.80000000003,0.0,0,-7886.200000000006,False,
2025-01-29,92113.80000000003,92113.80000000003,0.0,0,-7886.200000000006,False,
2025-01-30,92113.80000000003,92113.80000000003,0.0,0,-7886.200000000006,False,
2025-01-31,92113.80000000003,92113.80000000003,0.0,0,-7886.200000000006,False,
2025-02-03,92113.80000000003,92113.80000000003,0.0,0,-7886.200000000006,False,
2025-02-04,92113.80000000003,92113.80000000003,0.0,0,-7886.200000000006,False,
2025-02-05,92113.80000000003,92113.80000000003,0.0,0,-7886.200000000006,False,
2025-02-06,92113.80000000003,92113.80000000003,0.0,0,-7886.200000000006,False,
2025-02-07,92113.80000000003,92113.80000000003,0.0,0,-7886.200000000006,False,
2025-02-10,92113.80000000003,92113.80000000003,0.0,0,-7886.200000000006,False,
2025-02-11,92113.80000000003,92113.80000000003,0.0,0,-7886.200000000006,False,
2025-02-12,92113.80000000003,92113.80000000003,0.0,0,-7886.200000000006,False,
2025-02-13,92113.80000000003,92113.80000000003,0.0,0,-7886.200000000006,False,
2025-02-14,92113.80000000003,92113.80000000003,0.0,0,-7886.200000000006,False,
2025-02-18,92113.80000000003,92113.80000000003,0.0,0,-7886.200000000006,False,
2025-02-19,92113.80000000003,92113.80000000003,0.0,0,-7886.200000000006,False,
2025-02-20,92113.80000000003,92113.80000000003,0.0,0,-7886.200000000006,False,
2025-02-21,92113.80000000003,92113.80000000003,0.0,0,-7886.200000000006,False,
2025-02-24,92113.80000000003,92113.80000000003,0.0,0,-7886.200000000006,False,
2025-02-25,92113.80000000003,92113.80000000003,0.0,0,-7886.200000000006,False,
2025-02-26,92113.80000000003,92113.80000000003,0.0,0,-7886.200000000006,False,
2025-02-27,101236.60000000003,92108.60000000003,2000.0,1,-7886.200000000006,True,
2025-02-28,101236.60000000003,92108.60000000003,2000.0,1,-7886.200000000006,False,
2025-03-03,101236.60000000003,92108.60000000003,2000.0,1,-7886.200000000006,False,
2025-03-04,108780.70000000004,92104.70000000004,4000.0,2,-7886.200000000006,True,
2025-03-05,108780.70000000004,92104.70000000004,4000.0,2,-7886.200000000006,False,
2025-03-06,104685.60000000005,89511.60000000005,4000.0,2,-10480.600000000006,True,
2025-03-07,104685.60000000005,89511.60000000005,4000.0,2,-10480.600000000006,False,
2025-03-10,113714.70000000006,89507.70000000006,6000.0,3,-10480.600000000006,True,
2025-03-11,112686.90000000007,86889.90000000007,6000.0,3,-13098.400000000005,True,
2025-03-12,121053.00000000007,86886.00000000007,8000.0,4,-13098.400000000005,True,
2025-03-13,119740.20000000008,84889.20000000008,8000.0,4,-15095.200000000004,True,
2025-03-14,119740.20000000008,84889.20000000008,8000.0,4,-15095.200000000004,False,
2025-03-17,113094.30000000009,87276.30000000009,6000.0,3,-12712.000000000005,False,
2025-03-18,105911.4000000001,89231.4000000001,4000.0,2,-10760.800000000005,False,
2025-03-19,98848.5000000001,90538.5000000001,2000.0,1,-9457.600000000006,False,
2025-03-20,91446.60000000011,91446.60000000011,0.0,0,-8553.400000000005,False,
2025-03-21,91446.60000000011,91446.60000000011,0.0,0,-8553.400000000005,False,
2025-03-24,91446.60000000011,91446.60000000011,0.0,0,-8553.400000000005,False,
2025-03-25,91446.60000000011,91446.60000000011,0.0,0,-8553.400000000005,False,
2025-03-26,91446.60000000011,91446.60000000011,0.0,0,-8553.400000000005,False,
2025-03-27,91446.60000000011,91446.60000000011,0.0,0,-8553.400000000005,False,
2025-03-28,91446.60000000011,91446.60000000011,0.0,0,-8553.400000000005,False,
2025-03-31,91446.60000000011,91446.60000000011,0.0,0,-8553.400000000005,False,
2025-04-01,91446.60000000011,91446.60000000011,0.0,0,-8553.400000000005,False,
2025-04-02,91446.60000000011,91446.60000000011,0.0,0,-8553.400000000005,False,
2025-04-03,91446.60000000011,91446.60000000011,0.0,0,-8553.400000000005,False,
2025-04-04,99956.0000000001,91444.0000000001,2000.0,1,-8553.400000000005,True,
2025-04-07,108995.4000000001,91441.4000000001,4000.0,2,-8553.400000000005,True,
2025-04-08,118788.80000000009,91438.80000000009,6000.0,3,-8553.400000000005,True,
2025-04-09,118788.80000000009,91438.80000000009,6000.0,3,-8553.400000000005,False,
2025-04-10,118788.80000000009,91438.80000000009,6000.0,3,-8553.400000000005,False,
2025-04-11,109110.20000000008,90272.20000000008,4000.0,2,-9722.600000000006,False,
2025-04-14,100033.60000000008,90237.60000000008,2000.0,1,-9759.800000000005,False,
2025-04-15,89545.00000000007,89545.00000000007,0.0,0,-10455.000000000004,False,
2025-04-16,89545.00000000007,89545.00000000007,0.0,0,-10455.000000000004,False,
2025-04-17,89545.00000000007,89545.00000000007,0.0,0,-10455.000000000004,False,
2025-04-21,89545.00000000007,89545.00000000007,0.0,0,-10455.000000000004,False,
2025-04-22,89545.00000000007,89545.00000000007,0.0,0,-10455.000000000004,False,
2025-04-23,89545.00000000007,89545.00000000007,0.0,0,-10455.000000000004,False,
2025-04-24,89545.00000000007,89545.00000000007,0.0,0,-10455.000000000004,False,
2025-04-25,89545.00000000007,89545.00000000007,0.0,0,-10455.000000000004,False,
2025-04-28,89545.00000000007,89545.00000000007,0.0,0,-10455.000000000004,False,
2025-04-29,89545.00000000007,89545.00000000007,0.0,0,-10455.000000000004,False,
2025-04-30,89545.00000000007,89545.00000000007,0.0,0,-10455.000000000004,False,
2025-05-01,89545.00000000007,89545.00000000007,0.0,0,-10455.000000000004,False,
2025-05-02,89545.00000000007,89545.00000000007,0.0,0,-10455.000000000004,False,
2025-05-05,89545.00000000007,89545.00000000007,0.0,0,-10455.000000000004,False,
2025-05-06,89545.00000000007,89545.00000000007,0.0,0,-10455.000000000004,False,
2025-05-07,89545.00000000007,89545.00000000007,0.0,0,-10455.000000000004,False,
2025-05-08,89545.00000000007,89545.00000000007,0.0,0,-10455.000000000004,False,
2025-05-09,89545.00000000007,89545.00000000007,0.0,0,-10455.000000000004,False,
2025-05-12,89545.00000000007,89545.00000000007,0.0,0,-10455.000000000004,False,
2025-05-13,89545.00000000007,89545.00000000007,0.0,0,-10455.000000000004,False,
2025-05-14,89545.00000000007,89545.00000000007,0.0,0,-10455.000000000004,False,
2025-05-15,89545.00000000007,89545.00000000007,0.0,0,-10455.000000000004,False,
2025-05-16,89545.00000000007,89545.00000000007,0.0,0,-10455.000000000004,False,
2025-05-19,89545.00000000007,89545.00000000007,0.0,0,-10455.000000000004,False,
2025-05-20,89545.00000000007,89545.00000000007,0.0,0,-10455.000000000004,False,
2025-05-21,89545.00000000007,89545.00000000007,0.0,0,-10455.000000000004,False,
2025-05-22,89545.00000000007,89545.00000000007,0.0,0,-10455.000000000004,False,
2025-05-23,89545.00000000007,89545.00000000007,0.0,0,-10455.000000000004,False,
2025-05-27,89545.00000000007,89545.00000000007,0.0,0,-10455.000000000004,False,
2025-05-28,89545.00000000007,89545.00000000007,0.0,0,-10455.000000000004,False,
2025-05-29,89545.00000000007,89545.00000000007,0.0,0,-10455.000000000004,False,
2025-05-30,89545.00000000007,89545.00000000007,0.0,0,-10455.000000000004,False,
2025-06-02,89545.00000000007,89545.00000000007,0.0,0,-10455.000000000004,False,
2025-06-03,89545.00000000007,89545.00000000007,0.0,0,-10455.000000000004,False,
2025-06-04,89545.00000000007,89545.00000000007,0.0,0,-10455.000000000004,False,
2025-06-05,89545.00000000007,89545.00000000007,0.0,0,-10455.000000000004,False,
2025-06-06,89545.00000000007,89545.00000000007,0.0,0,-10455.000000000004,False,
2025-06-09,89545.00000000007,89545.00000000007,0.0,0,-10455.000000000004,False,
2025-06-10,89545.00000000007,89545.00000000007,0.0,0,-10455.000000000004,False,
2025-06-11,89545.00000000007,89545.00000000007,0.0,0,-10455.000000000004,False,
2025-06-12,89545.00000000007,89545.00000000007,0.0,0,-10455.000000000004,False,
2025-06-13,98067.80000000008,89539.80000000008,2000.0,1,-10455.000000000004,True,
2025-06-16,98067.80000000008,89539.80000000008,2000.0,1,-10455.000000000004,False,
2025-06-17,107638.60000000008,89534.60000000008,4000.0,2,-10455.000000000004,True,
2025-06-18,107638.60000000008,89534.60000000008,4000.0,2,-10455.000000000004,False,
2025-06-20,107638.60000000008,89534.60000000008,4000.0,2,-10455.000000000004,False,
2025-06-23,109176.20000000008,91072.20000000008,4000.0,2,-8917.400000000003,True,
2025-06-24,109176.20000000008,91072.20000000008,4000.0,2,-8917.400000000003,False,
2025-06-25,100599.00000000009,92071.00000000009,2000.0,1,-7923.800000000004,False,
2025-06-26,100599.00000000009,92071.00000000009,2000.0,1,-7923.800000000004,False,
2025-06-27,100599.00000000009,92071.00000000009,2000.0,1,-7923.800000000004,False,
2025-06-30,101174.30000000009,91379.30000000009,2000.0,1,-8614.200000000004,True,
2025-07-01,110887.80000000009,91372.80000000009,4000.0,2,-8614.200000000004,True,
2025-07-02,120586.30000000009,91366.30000000009,6000.0,3,-8614.200000000004,True,
2025-07-03,130079.80000000009,91359.80000000009,8000.0,4,-8614.200000000004,True,
2025-07-07,138722.6000000001,91354.6000000001,10000.0,5,-8614.200000000004,True,
2025-07-08,138074.90000000008,92477.90000000008,10000.0,5,-7492.200000000004,True,
2025-07-09,139146.90000000008,93634.90000000008,10000.0,5,-6335.200000000006,True,
2025-07-10,130995.40000000008,95188.40000000008,8000.0,4,-4788.200000000006,False,
2025-07-11,132277.40000000008,96685.40000000008,8000.0,4,-3291.200000000006,True,
2025-07-14,133315.0000000001,97859.00000000009,8000.0,4,-2117.600000000006,True,
2025-07-15,134312.6000000001,98532.6000000001,8000.0,4,-1444.0000000000055,True,
2025-07-16,133584.90000000008,99235.90000000008,8000.0,4,-742.0000000000056,True,
2025-07-17,143068.40000000008,99229.40000000008,10000.0,5,-742.0000000000056,True,
2025-07-18,143880.40000000008,100136.40000000008,10000.0,5,164.99999999999443,True,
2025-07-21,144230.00000000006,100918.00000000006,10000.0,5,946.5999999999947,True,
2025-07-22,146552.30000000005,101758.30000000005,10000.0,5,1788.1999999999944,True,
2025-07-23,147663.60000000003,101918.60000000003,10000.0,5,1949.7999999999943,True,
2025-07-24,148025.60000000003,102860.60000000003,10000.0,5,2891.7999999999943,True,
2025-07-25,147812.60000000003,103447.60000000003,10000.0,5,3478.7999999999956,True,
2025-07-28,149721.90000000002,104111.90000000002,10000.0,5,4144.399999999995,True,
2025-07-29,150218.90000000002,104848.90000000002,10000.0,5,4881.399999999995,True,
2025-07-30,151085.90000000002,105830.90000000002,10000.0,5,5863.399999999996,True,
2025-07-31,152667.90000000002,106727.90000000002,10000.0,5,6760.399999999996,True,
2025-08-01,150602.2,104096.20000000001,10000.0,5,4127.399999999995,True,
2025-08-04,149919.5,104514.5,10000.0,5,4544.399999999995,True,
2025-08-05,149068.8,104937.79999999999,10000.0,5,4966.399999999996,True,
2025-08-06,140737.3,105646.29999999999,8000.0,4,5668.399999999996,False,
2025-08-07,141729.3,106728.29999999999,8000.0,4,6750.399999999996,True,
2025-08-08,132572.09999999998,106527.09999999998,6000.0,3,6543.999999999996,False,
2025-08-11,125178.89999999998,107357.89999999998,4000.0,2,7369.599999999998,False,
2025-08-12,116249.69999999998,106744.69999999998,2000.0,1,6751.199999999996,False,
2025-08-13,116249.69999999998,106744.69999999998,2000.0,1,6751.199999999996,False,
2025-08-14,106508.19999999998,106508.19999999998,0.0,0,6508.199999999996,False,
2025-08-15,106508.19999999998,106508.19999999998,0.0,0,6508.199999999996,False,
2025-08-18,106508.19999999998,106508.19999999998,0.0,0,6508.199999999996,False,
2025-08-19,106508.19999999998,106508.19999999998,0.0,0,6508.199999999996,False,
2025-08-20,106508.19999999998,106508.19999999998,0.0,0,6508.199999999996,False,
2025-08-21,106508.19999999998,106508.19999999998,0.0,0,6508.199999999996,False,
2025-08-22,106508.19999999998,106508.19999999998,0.0,0,6508.199999999996,False,
2025-08-25,106508.19999999998,106508.19999999998,0.0,0,6508.199999999996,False,
2025-08-26,106508.19999999998,106508.19999999998,0.0,0,6508.199999999996,False,
2025-08-27,106508.19999999998,106508.19999999998,0.0,0,6508.199999999996,False,
2025-08-28,106508.19999999998,106508.19999999998,0.0,0,6508.199999999996,False,
2025-08-29,106508.19999999998,106508.19999999998,0.0,0,6508.199999999996,False,
2025-09-02,106508.19999999998,106508.19999999998,0.0,0,6508.199999999996,False,
2025-09-03,106508.19999999998,106508.19999999998,0.0,0,6508.199999999996,False,
2025-09-04,106508.19999999998,106508.19999999998,0.0,0,6508.199999999996,False,
2025-09-05,106508.19999999998,106508.19999999998,0.0,0,6508.199999999996,False,
2025-09-08,106508.19999999998,106508.19999999998,0.0,0,6508.199999999996,False,
2025-09-09,106508.19999999998,106508.19999999998,0.0,0,6508.199999999996,False,
2025-09-10,106508.19999999998,106508.19999999998,0.0,0,6508.199999999996,False,
2025-09-11,106508.19999999998,106508.19999999998,0.0,0,6508.199999999996,False,
2025-09-12,106508.19999999998,106508.19999999998,0.0,0,6508.199999999996,False,
2025-09-15,116261.69999999998,106501.69999999998,2000.0,1,6508.199999999996,True,
2025-09-16,124304.49999999999,106496.49999999999,4000.0,2,6508.199999999996,True,
2025-09-17,133892.99999999997,106489.99999999997,6000.0,3,6508.199999999996,True,
2025-09-18,143261.49999999997,106483.49999999997,8000.0,4,6508.199999999996,True,
2025-09-19,152129.99999999997,106476.99999999997,10000.0,5,6508.199999999996,True,
2025-09-22,149953.29999999996,105900.29999999996,10000.0,5,5930.199999999997,True,
2025-09-23,150226.89999999994,105933.89999999994,10000.0,5,5963.7999999999965,True,
2025-09-24,150678.89999999994,106100.89999999994,10000.0,5,6130.7999999999965,True,
2025-09-25,152050.89999999994,106912.89999999994,10000.0,5,6942.799999999996,True,
2025-09-26,153447.89999999994,108324.89999999994,10000.0,5,8354.799999999996,True,
2025-09-29,154885.4999999999,109694.49999999991,10000.0,5,9724.399999999996,True,
2025-09-30,156131.0999999999,111088.09999999989,10000.0,5,11117.999999999995,True,
2025-10-01,157158.0999999999,112015.09999999989,10000.0,5,12044.999999999995,True,
2025-10-02,156955.0999999999,111827.09999999989,10000.0,5,11856.999999999996,True,
2025-10-03,157922.0999999999,111974.09999999989,10000.0,5,12003.999999999995,True,
2025-10-06,158035.69999999987,111887.69999999987,10000.0,5,11917.599999999995,True,
2025-10-07,158701.29999999984,112005.29999999984,10000.0,5,12035.199999999995,True,
2025-10-08,157416.59999999983,112628.59999999983,10000.0,5,12657.199999999995,True,
2025-10-09,156770.89999999982,113886.89999999982,10000.0,5,13914.199999999997,True,
2025-10-10,152207.49999999983,111356.49999999983,10000.0,5,11381.199999999995,True,
2025-10-13,143370.2999999998,110947.29999999981,8000.0,4,10966.799999999996,False,
2025-10-14,141749.1999999998,110358.19999999981,8000.0,4,10376.399999999994,True,
2025-10-15,140232.0999999998,109329.0999999998,8000.0,4,9345.999999999995,True,
2025-10-16,138425.9999999998,106631.9999999998,8000.0,4,6647.599999999995,True,
2025-10-17,140539.8999999998,106628.89999999979,8000.0,4,6645.799999999996,True,
2025-10-20,140539.8999999998,106628.89999999979,8000.0,4,6645.799999999996,False,
2025-10-21,133650.9999999998,107395.9999999998,6000.0,3,7408.999999999996,False,
2025-10-22,127350.0999999998,108679.0999999998,4000.0,2,8688.199999999995,False,
2025-10-23,120221.19999999981,110457.19999999981,2000.0,1,10462.399999999994,False,
2025-10-24,111567.99999999981,111567.99999999981,0.0,0,11567.999999999993,False,
2025-10-27,111567.99999999981,111567.99999999981,0.0,0,11567.999999999993,False,
2025-10-28,111567.99999999981,111567.99999999981,0.0,0,11567.999999999993,False,
2025-10-29,111567.99999999981,111567.99999999981,0.0,0,11567.999999999993,False,
2025-10-30,111567.99999999981,111567.99999999981,0.0,0,11567.999999999993,False,
2025-10-31,111567.99999999981,111567.99999999981,0.0,0,11567.999999999993,False,
2025-11-03,111567.99999999981,111567.99999999981,0.0,0,11567.999999999993,False,
2025-11-04,111567.99999999981,111567.99999999981,0.0,0,11567.999999999993,False,
2025-11-05,111567.99999999981,111567.99999999981,0.0,0,11567.999999999993,False,
2025-11-06,111567.99999999981,111567.99999999981,0.0,0,11567.999999999993,False,
2025-11-07,111567.99999999981,111567.99999999981,0.0,0,11567.999999999993,False,
2025-11-10,111567.99999999981,111567.99999999981,0.0,0,11567.999999999993,False,
2025-11-11,111567.99999999981,111567.99999999981,0.0,0,11567.999999999993,False,
2025-11-12,111567.99999999981,111567.99999999981,0.0,0,11567.999999999993,False,
2025-11-13,119103.09999999982,111564.09999999982,2000.0,1,11567.999999999993,True,
2025-11-14,128925.89999999982,111558.89999999982,4000.0,2,11567.999999999993,True,
2025-11-17,137705.99999999983,111554.99999999983,6000.0,3,11567.999999999993,True,
2025-11-18,147071.09999999983,111551.09999999983,8000.0,4,11567.999999999993,True,
2025-11-19,155998.19999999984,111547.19999999984,10000.0,5,11567.999999999993,True,
2025-11-20,156470.39999999985,109931.39999999985,10000.0,5,9952.199999999993,True,
2025-11-21,155019.29999999984,109734.29999999984,10000.0,5,9753.799999999992,True,
2025-11-24,147533.39999999985,111032.39999999985,8000.0,4,11047.999999999993,False,
2025-11-25,138937.49999999985,111805.49999999985,6000.0,3,11817.199999999993,False,
2025-11-26,130413.59999999986,112212.59999999986,4000.0,2,12220.399999999994,False,
2025-11-28,119030.69999999987,110456.69999999987,2000.0,1,10460.599999999993,False,
2025-12-01,110386.79999999987,110386.79999999987,0.0,0,10386.799999999994,False,
2025-12-02,110386.79999999987,110386.79999999987,0.0,0,10386.799999999994,False,
2025-12-03,110386.79999999987,110386.79999999987,0.0,0,10386.799999999994,False,
2025-12-04,110386.79999999987,110386.79999999987,0.0,0,10386.799999999994,False,
2025-12-05,110386.79999999987,110386.79999999987,0.0,0,10386.799999999994,False,
2025-12-08,110386.79999999987,110386.79999999987,0.0,0,10386.799999999994,False,
2025-12-09,110386.79999999987,110386.79999999987,0.0,0,10386.799999999994,False,
2025-12-10,110386.79999999987,110386.79999999987,0.0,0,10386.799999999994,False,
2025-12-11,110386.79999999987,110386.79999999987,0.0,0,10386.799999999994,False,
2025-12-12,110386.79999999987,110386.79999999987,0.0,0,10386.799999999994,False,
2025-12-15,110386.79999999987,110386.79999999987,0.0,0,10386.799999999994,False,
2025-12-16,110386.79999999987,110386.79999999987,0.0,0,10386.799999999994,False,
2025-12-17,110386.79999999987,110386.79999999987,0.0,0,10386.799999999994,False,
2025-12-18,110386.79999999987,110386.79999999987,0.0,0,10386.799999999994,False,
2025-12-19,110386.79999999987,110386.79999999987,0.0,0,10386.799999999994,False,
2025-12-22,110386.79999999987,110386.79999999987,0.0,0,10386.799999999994,False,
2025-12-23,110386.79999999987,110386.79999999987,0.0,0,10386.799999999994,False,
2025-12-24,110386.79999999987,110386.79999999987,0.0,0,10386.799999999994,False,
2025-12-26,110386.79999999987,110386.79999999987,0.0,0,10386.799999999994,False,
2025-12-29,110386.79999999987,110386.79999999987,0.0,0,10386.799999999994,False,
2025-12-30,110386.79999999987,110386.79999999987,0.0,0,10386.799999999994,False,
2025-12-31,110386.79999999987,110386.79999999987,0.0,0,10386.799999999994,False,
2026-01-02,119445.29999999987,110380.29999999987,2000.0,1,10386.799999999994,True,
2026-01-05,127484.09999999987,110375.09999999987,4000.0,2,10386.799999999994,True,
2026-01-06,127484.09999999987,110375.09999999987,4000.0,2,10386.799999999994,False,
2026-01-07,127484.09999999987,110375.09999999987,4000.0,2,10386.799999999994,False,
2026-01-08,127484.09999999987,110375.09999999987,4000.0,2,10386.799999999994,False,
2026-01-09,118657.59999999987,110613.59999999987,2000.0,1,10618.799999999996,False,
2026-01-12,110888.39999999988,110888.39999999988,0.0,0,10888.399999999996,False,
2026-01-13,110888.39999999988,110888.39999999988,0.0,0,10888.399999999996,False,
2026-01-14,119227.19999999988,110883.19999999988,2000.0,1,10888.399999999996,True,
2026-01-15,128955.69999999988,110876.69999999988,4000.0,2,10888.399999999996,True,
2026-01-16,138509.1999999999,110870.1999999999,6000.0,3,10888.399999999996,True,
2026-01-20,146041.2999999999,110866.2999999999,8000.0,4,10888.399999999996,True,
2026-01-21,146041.2999999999,110866.2999999999,8000.0,4,10888.399999999996,False,
2026-01-22,138928.0999999999,112097.09999999989,6000.0,3,12113.999999999996,False,
2026-01-23,130046.59999999989,112950.59999999989,4000.0,2,12960.999999999996,False,
2026-01-26,122125.09999999989,114589.09999999989,2000.0,1,14592.999999999996,False,
2026-01-27,114261.1999999999,114261.1999999999,0.0,0,14261.199999999995,False,
2026-01-28,114261.1999999999,114261.1999999999,0.0,0,14261.199999999995,False,
2026-01-29,114261.1999999999,114261.1999999999,0.0,0,14261.199999999995,False,
2026-01-30,122863.9999999999,114255.9999999999,2000.0,1,14261.199999999995,True,
2026-02-02,122863.9999999999,114255.9999999999,2000.0,1,14261.199999999995,False,
2026-02-03,132286.7999999999,114250.7999999999,4000.0,2,14261.199999999995,True,
2026-02-04,142041.5999999999,114245.59999999989,6000.0,3,14261.199999999995,True,
2026-02-05,150443.6999999999,114241.6999999999,8000.0,4,14261.199999999995,True,
2026-02-06,142930.49999999988,115336.49999999988,6000.0,3,15350.799999999996,False,
2026-02-09,142930.49999999988,115336.49999999988,6000.0,3,15350.799999999996,False,
2026-02-10,134533.29999999987,116367.29999999987,4000.0,2,16376.399999999998,False,
2026-02-11,126080.09999999987,117674.09999999987,2000.0,1,17677.999999999996,False,
2026-02-12,126582.29999999989,118668.29999999989,2000.0,1,18672.199999999997,True,
2026-02-13,126582.29999999989,118668.29999999989,2000.0,1,18672.199999999997,False,
2026-02-17,126582.29999999989,118668.29999999989,2000.0,1,18672.199999999997,False,
2026-02-18,126582.29999999989,118668.29999999989,2000.0,1,18672.199999999997,False,
2026-02-19,134387.39999999988,118664.39999999988,4000.0,2,18672.199999999997,True,
2026-02-20,136860.29999999987,119567.29999999987,4000.0,2,19576.399999999998,True,
2026-02-23,145250.39999999988,119563.39999999988,6000.0,3,19576.399999999998,True,
2026-02-24,152956.49999999988,119559.49999999988,8000.0,4,19576.399999999998,True,
2026-02-25,152956.49999999988,119559.49999999988,8000.0,4,19576.399999999998,False,
2026-02-26,146382.5999999999,120794.59999999989,6000.0,3,20807.6,False,
2026-02-27,137893.39999999988,121789.39999999988,4000.0,2,21797.199999999997,False,
2026-03-02,138401.5999999999,122555.59999999989,4000.0,2,22563.399999999998,True,
2026-03-03,139512.7999999999,122562.7999999999,4000.0,2,22570.6,True,
2026-03-04,147134.8999999999,122558.8999999999,6000.0,3,22570.6,True,
2026-03-05,155554.9999999999,122554.99999999991,8000.0,4,22570.6,True,
2026-03-06,162284.3999999999,122552.3999999999,10000.0,5,22570.6,True,
2026-03-09,163374.59999999992,122211.59999999992,10000.0,5,22229.8,True,
2026-03-10,164566.79999999993,122851.79999999993,10000.0,5,22870.0,True,
2026-03-11,165653.99999999994,122522.99999999994,10000.0,5,22541.2,True,
2026-03-12,163396.49999999994,121901.49999999994,10000.0,5,21918.4,True,
2026-03-13,164395.29999999993,122820.29999999993,10000.0,5,22837.2,True,
2026-03-16,165566.49999999994,124222.49999999994,10000.0,5,24239.4,True,
2026-03-17,166440.69999999995,125735.69999999995,10000.0,5,25752.600000000002,True,
2026-03-18,167296.89999999997,125901.89999999997,10000.0,5,25918.800000000003,True,
2026-03-19,170989.39999999997,127229.39999999997,10000.0,5,27247.600000000002,True,
2026-03-20,175196.89999999997,128306.89999999997,10000.0,5,28326.4,True,
2026-03-23,172853.39999999997,128501.39999999997,10000.0,5,28519.600000000002,True,
2026-03-24,170588.89999999997,128149.89999999997,10000.0,5,28166.800000000003,True,
2026-03-25,171748.09999999998,129372.09999999998,10000.0,5,29389.000000000004,True,
2026-03-26,169476.59999999998,129395.59999999998,10000.0,5,29411.200000000004,True,
2026-03-27,166612.09999999998,129005.09999999998,10000.0,5,29019.400000000005,True,
2026-03-30,166744.89999999997,128317.89999999997,10000.0,5,28332.200000000004,True,
2026-03-31,161098.29999999996,129485.29999999996,8000.0,4,29497.000000000004,False,
2026-04-01,153015.39999999997,131071.39999999997,6000.0,3,31079.200000000004,False,
2026-04-02,147242.79999999996,132156.79999999996,4000.0,2,32162.000000000004,False,
2026-04-06,139790.19999999995,132172.19999999995,2000.0,1,32174.800000000003,False,
2026-04-07,130953.59999999995,130953.59999999995,0.0,0,30953.600000000002,False,
2026-04-08,130953.59999999995,130953.59999999995,0.0,0,30953.600000000002,False,
2026-04-09,130953.59999999995,130953.59999999995,0.0,0,30953.600000000002,False,
2026-04-10,130953.59999999995,130953.59999999995,0.0,0,30953.600000000002,False,
2026-04-13,130953.59999999995,130953.59999999995,0.0,0,30953.600000000002,False,
2026-04-14,130953.59999999995,130953.59999999995,0.0,0,30953.600000000002,False,
2026-04-15,130953.59999999995,130953.59999999995,0.0,0,30953.600000000002,False,
2026-04-16,130953.59999999995,130953.59999999995,0.0,0,30953.600000000002,False,
2026-04-17,130953.59999999995,130953.59999999995,0.0,0,30953.600000000002,False,
2026-04-20,130953.59999999995,130953.59999999995,0.0,0,30953.600000000002,False,
2026-04-21,130953.59999999995,130953.59999999995,0.0,0,30953.600000000002,False,
