date,always_positive_proba,always_positive_pred,vrp_rule_proba,vrp_rule_pred,logreg_proba,logreg_pred,lgbm_proba,lgbm_pred,y_true,pnl_pct_5d
2024-07-01,1.0,1,0.8038460141697503,0,0.6060606060606061,0,0.6119402985074627,0,0,-0.0225207427894111
2024-07-02,1.0,1,0.809754604193574,1,0.6129923573301237,0,0.8378378378378378,1,0,-0.1209923664122136
2024-07-03,1.0,1,0.8197671873122112,1,0.6666666666666666,0,0.8378378378378378,1,1,0.0597130670802636
2024-07-05,1.0,1,0.8175729963845009,1,0.6666666666666666,0,0.8378378378378378,1,1,0.1156114825009831
2024-07-08,1.0,1,0.8390003476340183,1,0.6666666666666666,0,0.8378378378378378,1,1,0.0186950146627566
2024-07-09,1.0,1,0.839764135164955,1,0.6666666666666666,0,0.8378378378378378,1,0,-0.038946587537092
2024-07-10,1.0,1,0.8286015341459902,1,0.6666666666666666,0,0.8378378378378378,1,0,-0.0364506627393226
2024-07-11,1.0,1,0.8047424842107453,1,0.6666666666666666,0,0.6119402985074627,0,0,-0.0964653902798231
2024-07-12,1.0,1,0.7920387417362525,0,0.6666666666666666,0,0.6119402985074627,0,0,-0.4863707165109035
2024-07-15,1.0,1,0.8286873652583495,1,0.8,1,0.8378378378378378,1,0,-0.1349259757738898
2024-07-16,1.0,1,0.8148198277908517,1,0.6666666666666666,0,0.8378378378378378,1,0,-0.3206707734428475
2024-07-17,1.0,1,0.8036728928640274,0,0.6666666666666666,0,0.6119402985074627,0,0,-0.4674613402061855
2024-07-18,1.0,1,0.8101378001098942,1,0.6666666666666666,0,0.8378378378378378,1,0,-0.4070602936582319
2024-07-19,1.0,1,0.8141225329010319,1,0.6666666666666666,0,0.8378378378378378,1,0,-0.1374128919860627
2024-07-22,1.0,1,0.7866531926277982,0,0.6666666666666666,0,0.6119402985074627,0,0,-0.387938793879388
2024-07-23,1.0,1,0.7926639273390339,0,0.6666666666666666,0,0.6119402985074627,0,0,-0.5819529206625976
2024-07-24,1.0,1,0.7487085203032059,0,0.910668379151261,1,0.8378378378378378,1,1,0.2815739369579013
2024-07-25,1.0,1,0.7695982358075897,0,0.6666666666666666,0,0.6119402985074627,0,1,0.1051977635121141
2024-07-26,1.0,1,0.734515582585852,0,0.6666666666666666,0,0.6119402985074627,0,0,-0.4540052816901407
2024-07-29,1.0,1,0.7455416517987922,0,0.6666666666666666,0,0.6119402985074627,0,0,-1.004246284501062
2024-07-30,1.0,1,0.7783989374275863,0,0.6666666666666666,0,0.6119402985074627,0,0,-0.5826689047419222
2024-07-31,1.0,1,0.698246908744611,0,0.6666666666666666,0,0.6119402985074627,0,0,-1.325566202090592
2024-08-01,1.0,1,0.7452877510055247,0,0.6666666666666666,0,0.6119402985074627,0,0,-0.3079203727234222
2024-08-02,1.0,1,0.755982815203807,0,1.0,1,0.6119402985074627,0,1,0.1683432560049271
2024-08-05,1.0,1,0.8683477162436573,1,1.0,1,0.8378378378378378,1,1,0.4125037844383893
2024-08-06,1.0,1,0.7939902420889601,0,0.8450387931918788,1,0.6119402985074627,0,0,-0.0005548363232846
2024-08-07,1.0,1,0.8019636940463136,0,0.8,1,0.6119402985074627,0,0,-0.1154924313212484
2024-08-08,1.0,1,0.7009023694580798,0,0.6666666666666666,0,0.6119402985074627,0,0,-0.1025641025641026
2024-08-09,1.0,1,0.6481399286934098,0,0.6666666666666666,0,0.6119402985074627,0,0,-0.2602539062500001
2024-08-12,1.0,1,0.6663203898744664,0,0.6666666666666666,0,0.6119402985074627,0,0,-0.3879252083802656
2024-08-13,1.0,1,0.5903121374844427,0,1.0,1,0.75,1,0,-0.2279187817258882
2024-08-14,1.0,1,0.5694530864142747,0,0.6666666666666666,0,0.8378378378378378,1,0,-0.3212747631352282
2024-08-15,1.0,1,0.5286616773979185,0,1.0,1,0.6479296204516518,1,0,-0.035569422776911
2024-08-16,1.0,1,0.5089087577445667,0,0.6666666666666666,0,0.6479296204516518,1,1,0.2702828001854427
2024-08-19,1.0,1,0.5147516360840985,0,0.6666666666666666,0,0.8378378378378378,1,1,0.0594010800196367
2024-08-20,1.0,1,0.5218945330570709,0,0.6666666666666666,0,0.8378378378378378,1,1,0.1341611882152422
2024-08-21,1.0,1,0.523136433391681,0,0.6666666666666666,0,0.8378378378378378,1,0,-0.0702059042421235
2024-08-22,1.0,1,0.5650541893323028,0,0.6666666666666666,0,0.8378378378378378,1,1,0.1646430305973774
2024-08-23,1.0,1,0.5505704846288971,0,0.6666666666666666,0,0.8378378378378378,1,1,0.0989390574882802
2024-08-26,1.0,1,0.5616609478044364,0,0.6666666666666666,0,0.8378378378378378,1,0,-0.3011488633585918
2024-08-27,1.0,1,0.5386135161513002,0,0.6666666666666666,0,0.8378378378378378,1,0,-0.4935328430129343
2024-08-28,1.0,1,0.5687040899689517,0,0.6666666666666666,0,0.8378378378378378,1,0,-0.2998508204873198
2024-08-29,1.0,1,0.5487704596854299,0,0.6666666666666666,0,0.6119402985074627,0,0,-0.9416578669482576
2024-08-30,1.0,1,0.5648115609166038,0,0.6666666666666666,0,0.8378378378378378,1,0,-0.7971473851030113
2024-09-03,1.0,1,0.6096934517189203,0,0.8,1,0.75,1,0,-0.07544966129409
2024-09-04,1.0,1,0.7142975182509578,0,0.6666666666666666,0,0.6119402985074627,0,1,0.1928604543347241
2024-09-05,1.0,1,0.7141374345695853,0,0.6666666666666666,0,0.6119402985074627,0,1,0.2607758620689654
2024-09-06,1.0,1,0.7336672706373084,0,1.0,1,0.6119402985074627,0,1,0.2545779365788299
2024-09-09,1.0,1,0.757555816893111,0,0.6666666666666666,0,0.42857142857142855,0,0,-0.086092715231788
2024-09-10,1.0,1,0.7560446450661373,0,0.6666666666666666,0,0.6119402985074627,0,0,-0.0752740560292327
2024-09-11,1.0,1,0.7155649416822093,0,0.6666666666666666,0,0.6119402985074627,0,1,0.0204460966542749
2024-09-12,1.0,1,0.7204350455779633,0,0.6666666666666666,0,0.6119402985074627,0,0,-0.0556799104644654
2024-09-13,1.0,1,0.7086180101456859,0,0.6666666666666666,0,0.6119402985074627,0,1,0.081419624217119
2024-09-16,1.0,1,0.7361381653484722,0,0.6666666666666666,0,0.3333333333333333,0,1,0.0550310223900726
2024-09-17,1.0,1,0.7347971236745123,0,0.6666666666666666,0,0.3333333333333333,0,1,0.0674679049440043
2024-09-18,1.0,1,0.75132508312017,0,0.6666666666666666,0,0.3333333333333333,0,1,0.0677919956438878
2024-09-19,1.0,1,0.6927863164728948,0,0.8268656577413489,1,0.3333333333333333,0,1,0.1313664596273292
2024-09-20,1.0,1,0.6927246340319733,0,0.6666666666666666,0,0.3333333333333333,0,1,0.0145064648375906
2024-09-23,1.0,1,0.6894588137595312,0,0.6666666666666666,0,0.3333333333333333,0,0,-0.0032515518770322
2024-09-24,1.0,1,0.6980912162961709,0,0.6666666666666666,0,0.3333333333333333,0,0,-0.0369003690036901
2024-09-25,1.0,1,0.6982073445844463,0,0.6666666666666666,0,0.3333333333333333,0,0,-0.0175109443402127
2024-09-26,1.0,1,0.697331028491942,0,0.6666666666666666,0,0.3333333333333333,0,0,-0.0251672507167888
2024-09-27,1.0,1,0.7231499402377635,0,0.6666666666666666,0,0.3333333333333333,0,1,0.0840212264150943
2024-09-30,1.0,1,0.711810982358055,0,0.6666666666666666,0,0.3333333333333333,0,0,-0.0064308681672025
2024-10-01,1.0,1,0.7413155081425463,0,0.6666666666666666,0,0.3333333333333333,0,1,0.0731642894875857
2024-10-02,1.0,1,0.805000365305726,1,0.6666666666666666,0,0.3333333333333333,0,1,0.0245253164556963
2024-10-03,1.0,1,0.832914421630497,1,0.8,1,0.6119402985074627,0,1,0.0587788193564731
2024-10-04,1.0,1,0.8026811155546104,0,0.6666666666666666,0,0.3333333333333333,0,1,0.0494458653026426
2024-10-07,1.0,1,0.8953930581765956,1,0.8467503491415163,1,0.8378378378378378,1,0,-0.0789312665714869
2024-10-08,1.0,1,0.8806275538523197,1,0.8,1,0.8378378378378378,1,1,0.0545693622616698
2024-10-09,1.0,1,0.8768630335076221,1,0.8,1,0.8378378378378378,1,1,0.0725824800910126
2024-10-10,1.0,1,0.8726967946262244,1,0.8,1,0.8378378378378378,1,1,0.0847218962684815
2024-10-11,1.0,1,0.8732731882937297,1,0.8,1,0.8378378378378378,1,1,0.1067984570877532
2024-10-14,1.0,1,0.8569456905600052,1,0.6666666666666666,0,0.6119402985074627,0,1,0.1383325570563576
2024-10-15,1.0,1,0.8596792392512298,1,0.6666666666666666,0,0.6119402985074627,0,1,0.1125570776255707
2024-10-16,1.0,1,0.8589186434373178,1,0.6666666666666666,0,0.6119402985074627,0,1,0.1043105501309836
2024-10-17,1.0,1,0.840036787667108,1,0.6666666666666666,0,0.6119402985074627,0,1,0.0745137661025512
2024-10-18,1.0,1,0.8198586368942933,1,0.6666666666666666,0,0.6119402985074627,0,0,-0.1585639491398653
2024-10-21,1.0,1,0.8307236186283987,1,0.6666666666666666,0,0.6119402985074627,0,0,-0.0459664444955182
2024-10-22,1.0,1,0.8412863753288142,1,0.6544723515653658,0,0.6119402985074627,0,0,-0.0456621004566211
2024-10-23,1.0,1,0.8372942861563086,1,0.6060606060606061,0,0.6119402985074627,0,1,0.0269118636465575
2024-10-24,1.0,1,0.8258660122316145,1,0.6666666666666666,0,0.6119402985074627,0,0,-0.3156028368794327
2024-10-25,1.0,1,0.8473515075873068,1,0.6666666666666666,0,0.6119402985074627,0,0,-0.1663258350374915
2024-10-28,1.0,1,0.8425207768547414,1,0.6060606060606061,0,0.6119402985074627,0,0,-0.2465627864344639
2024-10-29,1.0,1,0.8455548753315713,1,0.6666666666666666,0,0.6119402985074627,0,0,-0.0811864039835462
2024-10-30,1.0,1,0.8859056937606002,1,0.6666666666666666,0,0.6119402985074627,0,1,0.3637152777777777
2024-10-31,1.0,1,0.8486586893856576,1,0.6666666666666666,0,0.8378378378378378,1,1,0.2159585492227979
2024-11-01,1.0,1,0.8378406831673166,1,0.6666666666666666,0,0.8378378378378378,1,1,0.1240017746228927
2024-11-04,1.0,1,0.8474903856000068,1,0.6666666666666666,0,0.8378378378378378,1,1,0.0964656964656963
2024-11-05,1.0,1,0.7993576034951181,0,0.6666666666666666,0,0.6119402985074627,0,1,0.3461702127659574
2024-11-06,1.0,1,0.7007789791241017,0,0.9246014007940879,1,0.6119402985074627,0,1,0.2765509989484752
2024-11-07,1.0,1,0.6782861293046767,0,0.6666666666666666,0,0.8378378378378378,1,0,-0.0294599018003272
2024-11-08,1.0,1,0.6895027222874002,0,0.6666666666666666,0,0.8378378378378378,1,0,-0.4886508543738843
2024-11-11,1.0,1,0.6913395938876823,0,0.6666666666666666,0,0.8378378378378378,1,0,-0.3484440088213673
2024-11-12,1.0,1,0.6834292250985978,0,0.6666666666666666,0,0.6119402985074627,0,0,-0.2150121065375301
2024-11-13,1.0,1,0.6918974346541259,0,0.6666666666666666,0,0.8378378378378378,1,0,-0.265893037336024
2024-11-14,1.0,1,0.6976381127946629,0,0.6060606060606061,0,0.8378378378378378,1,1,0.064002023779408
2024-11-15,1.0,1,0.7038642389163954,0,0.6666666666666666,0,0.6119402985074627,0,1,0.0170556552962296
2024-11-18,1.0,1,0.708304580722899,0,0.6060606060606061,0,0.6119402985074627,0,1,0.0203073545554334
2024-11-19,1.0,1,0.7092334578040036,0,0.6666666666666666,0,0.6119402985074627,0,1,0.0605729877216916
2024-11-20,1.0,1,0.7216587658990979,0,0.6666666666666666,0,0.3333333333333333,0,1,0.1624136097820307
2024-11-21,1.0,1,0.7268047244416312,0,0.6666666666666666,0,0.6119402985074627,0,1,0.1502633767673969
2024-11-22,1.0,1,0.6834409050228641,0,0.6666666666666666,0,0.8378378378378378,1,1,0.0844135314574771
2024-11-25,1.0,1,0.6710403050495782,0,0.6666666666666666,0,0.8378378378378378,1,1,0.0931356751530776
2024-11-26,1.0,1,0.6653117759981796,0,0.6666666666666666,0,0.6119402985074627,0,1,0.0862944162436547
2024-11-27,1.0,1,0.6509421630111715,0,0.6666666666666666,0,0.6119402985074627,0,1,0.048951048951049
2024-11-29,1.0,1,0.6509684464436137,0,0.6666666666666666,0,0.6119402985074627,0,1,0.0988473629060425
2024-12-02,1.0,1,0.697257034648035,0,0.6666666666666666,0,0.6119402985074627,0,1,0.1281388478581979
2024-12-03,1.0,1,0.6932856107169832,0,0.6666666666666666,0,0.6119402985074627,0,1,0.1184445237245808
2024-12-04,1.0,1,0.6950069032387619,0,0.6666666666666666,0,0.6119402985074627,0,1,0.14259190493873
2024-12-05,1.0,1,0.704807033829777,0,0.6666666666666666,0,0.6119402985074627,0,1,0.1178010471204189
2024-12-06,1.0,1,0.7752002348388494,0,0.6060606060606061,0,0.6119402985074627,0,1,0.183616937079541
2024-12-09,1.0,1,0.7994397353973242,0,0.6666666666666666,0,0.42857142857142855,0,1,0.0970625798212003
2024-12-10,1.0,1,0.801156472813991,0,0.6666666666666666,0,0.3333333333333333,0,1,0.0656332453825857
2024-12-11,1.0,1,0.7827320831550442,0,0.6666666666666666,0,0.42857142857142855,0,0,-0.8167428772423498
2024-12-12,1.0,1,0.7916665621322687,0,0.6666666666666666,0,0.42857142857142855,0,0,-0.5506155950752394
2024-12-13,1.0,1,0.7746255277051154,0,0.6666666666666666,0,0.42857142857142855,0,0,-0.2107363075807035
2024-12-16,1.0,1,0.8048404283813899,1,0.6666666666666666,0,0.3333333333333333,0,0,-0.0128597672994487
2024-12-17,1.0,1,0.8602461081346878,1,0.6666666666666666,0,0.8378378378378378,1,1,0.2376615746180963
2024-12-18,1.0,1,0.8641699394019681,1,1.0,1,0.8378378378378378,1,1,0.0812202852614897
2024-12-19,1.0,1,0.8550681734458088,1,1.0,1,0.8378378378378378,1,1,0.1813084112149532
2024-12-20,1.0,1,0.7640487688962622,0,0.6666666666666666,0,0.6119402985074627,0,1,0.2446285270515144
2024-12-23,1.0,1,0.7340860377889233,0,0.6666666666666666,0,0.6119402985074627,0,1,0.11696692659317
2024-12-24,1.0,1,0.6662166043511664,0,0.6666666666666666,0,0.75,1,0,-0.2932628797886394
2024-12-26,1.0,1,0.6808754381072055,0,0.6666666666666666,0,0.6119402985074627,0,1,0.0511492392359987
2024-12-27,1.0,1,0.7044384563921343,0,0.6666666666666666,0,0.6119402985074627,0,1,0.1894548704200178
2024-12-30,1.0,1,0.7226087216448565,0,0.6666666666666666,0,0.6119402985074627,0,1,0.0965346534653466
2024-12-31,1.0,1,0.6928913086864765,0,0.8,1,0.8378378378378378,1,1,0.1391895293229296
2025-01-02,1.0,1,0.6951930033413836,0,0.6666666666666666,0,0.6119402985074627,0,0,-0.110091743119266
2025-01-03,1.0,1,0.6628333870847567,0,0.6666666666666666,0,0.6119402985074627,0,0,-0.3317833698030633
2025-01-06,1.0,1,0.6572302250700511,0,1.0,1,0.8378378378378378,1,0,-0.441388174807198
2025-01-07,1.0,1,0.7122628844696832,0,0.6666666666666666,0,0.6119402985074627,0,1,0.1646507035299924
2025-01-08,1.0,1,0.7124930519421966,0,0.6666666666666666,0,0.6119402985074627,0,1,0.1880722593417469
2025-01-10,1.0,1,0.7292174857302924,0,0.8,1,0.6119402985074627,0,0,-0.1202015355086371
2025-01-13,1.0,1,0.7315847214120843,0,0.6666666666666666,0,0.6119402985074627,0,0,-0.2255012390177967
2025-01-14,1.0,1,0.7353175489705027,0,0.6666666666666666,0,0.6119402985074627,0,0,-0.3154006003232509
2025-01-15,1.0,1,0.6406506320176881,0,0.6666666666666666,0,0.6119402985074627,0,0,-0.2405235887646575
2025-01-16,1.0,1,0.6498098907574072,0,0.6666666666666666,0,0.6119402985074627,0,0,-0.2260964314900573
2025-01-17,1.0,1,0.6011048194264709,0,0.6666666666666666,0,0.6119402985074627,0,1,0.097567641432085
2025-01-21,1.0,1,0.586186096317999,0,0.6666666666666666,0,0.6479296204516518,1,1,0.0568786775007005
2025-01-22,1.0,1,0.6561744701497143,0,1.0,1,0.6119402985074627,0,0,-0.1318832599118942
2025-01-23,1.0,1,0.6585092416413848,0,0.6666666666666666,0,0.8378378378378378,1,0,-0.0798079807980799
2025-01-24,1.0,1,0.6745046416826496,0,0.6666666666666666,0,0.8378378378378378,1,0,-0.189584552369807
2025-01-27,1.0,1,0.6948977827023823,0,0.8,1,0.6119402985074627,0,1,0.0378540987716219
2025-01-28,1.0,1,0.6809207291909989,0,0.6666666666666666,0,0.6119402985074627,0,0,-0.0210924824229311
2025-01-29,1.0,1,0.6896499527338674,0,0.6666666666666666,0,0.6119402985074627,0,1,0.1779224301600217
2025-01-30,1.0,1,0.6804969320188998,0,0.6666666666666666,0,0.6119402985074627,0,1,0.1596614950634697
2025-01-31,1.0,1,0.7027250639048307,0,0.6666666666666666,0,0.6119402985074627,0,1,0.1260577764808869
2025-02-03,1.0,1,0.7357777158237342,0,0.6666666666666666,0,0.6119402985074627,0,1,0.2890643139075923
2025-02-04,1.0,1,0.7155522770911014,0,0.6666666666666666,0,0.8378378378378378,1,1,0.2094434186230545
2025-02-05,1.0,1,0.6952648281334675,0,0.6666666666666666,0,0.8378378378378378,1,1,0.0982773227901721
2025-02-06,1.0,1,0.6985505352723811,0,0.6666666666666666,0,0.8378378378378378,1,1,0.2141190198366394
2025-02-07,1.0,1,0.7129114984712279,0,0.6666666666666666,0,0.6119402985074627,0,1,0.2352941176470587
2025-02-10,1.0,1,0.6956748395627134,0,0.6666666666666666,0,0.6119402985074627,0,1,0.2145874401577021
2025-02-11,1.0,1,0.7200058086633536,0,0.6666666666666666,0,0.6119402985074627,0,1,0.2104651162790698
2025-02-12,1.0,1,0.7169598206146347,0,0.6666666666666666,0,0.6119402985074627,0,1,0.2460718294051628
2025-02-13,1.0,1,0.6994265763224086,0,0.6666666666666666,0,0.6119402985074627,0,0,-0.2653622745337815
2025-02-14,1.0,1,0.724567648983133,0,0.6666666666666666,0,0.42857142857142855,0,0,-0.4596491228070174
2025-02-18,1.0,1,0.7380701749233677,0,0.6666666666666666,0,0.8378378378378378,1,0,-0.5419373892498524
2025-02-19,1.0,1,0.7507184101179425,0,0.6666666666666666,0,0.6119402985074627,0,0,-0.6161339421613394
2025-02-20,1.0,1,0.754860111451364,0,0.6666666666666666,0,0.6119402985074627,0,0,-1.120132810141865
2025-02-21,1.0,1,0.7546337250843703,0,0.6666666666666666,0,0.6119402985074627,0,0,-0.1521679094172881
2025-02-24,1.0,1,0.7744284253282084,0,0.6666666666666666,0,0.6119402985074627,0,0,-0.3036396029524052
2025-02-25,1.0,1,0.7883836856156928,0,0.6666666666666666,0,0.6119402985074627,0,0,-0.3842648117054448
2025-02-26,1.0,1,0.8002605899718338,0,0.6666666666666666,0,0.6119402985074627,0,0,-0.2949354518371399
2025-02-27,1.0,1,0.8439076939423362,1,0.6666666666666666,0,0.6119402985074627,0,0,-0.1996103052608791
2025-02-28,1.0,1,0.774097965685105,0,0.6666666666666666,0,0.6119402985074627,0,0,-0.3617589893100099
2025-03-03,1.0,1,0.8038788037640408,0,0.8,1,0.6119402985074627,0,0,-0.4924453280318094
2025-03-04,1.0,1,0.8354912608465471,1,0.8,1,0.8378378378378378,1,0,-0.2644486692015211
2025-03-05,1.0,1,0.7939178410883289,0,0.6666666666666666,0,0.6119402985074627,0,0,-0.4389480275516594
2025-03-06,1.0,1,0.8505235348769438,1,0.845292450278237,1,0.8378378378378378,1,0,-0.1671309192200555
2025-03-07,1.0,1,0.8038981300727295,0,0.8,1,0.6119402985074627,0,0,-0.0955984863572994
2025-03-10,1.0,1,0.8594570639753831,1,0.9293116474047671,1,0.8378378378378378,1,1,0.2905557340186315
2025-03-11,1.0,1,0.8739859517812759,1,0.6666666666666666,0,0.8378378378378378,1,1,0.218565815324165
2025-03-12,1.0,1,0.8192992105523904,1,0.6666666666666666,0,0.8378378378378378,1,1,0.1608866642831606
2025-03-13,1.0,1,0.834078710784456,1,0.6666666666666666,0,0.8378378378378378,1,1,0.1247974068071312
2025-03-14,1.0,1,0.7237580468043742,0,0.6060606060606061,0,0.6119402985074627,0,1,0.1703252032520326
2025-03-17,1.0,1,0.7107784450220586,0,0.6060606060606061,0,0.6119402985074627,0,1,0.1101694915254238
2025-03-18,1.0,1,0.7296391215623912,0,0.6060606060606061,0,0.6119402985074627,0,1,0.0147616197885495
2025-03-19,1.0,1,0.6828416912108826,0,0.6060606060606061,0,0.6119402985074627,0,1,0.1447627378088782
2025-03-20,1.0,1,0.6826449536138008,0,0.6060606060606061,0,0.6119402985074627,0,1,0.1216246373577327
2025-03-21,1.0,1,0.6505360421664349,0,0.6526051757724285,0,0.8378378378378378,1,0,-0.0936231191784094
2025-03-24,1.0,1,0.5915971244822498,0,0.6666666666666666,0,0.8378378378378378,1,0,-0.312930374904361
2025-03-25,1.0,1,0.5855360637294339,0,0.6666666666666666,0,0.8378378378378378,1,0,-0.34227169238553
2025-03-26,1.0,1,0.6008423109816745,0,0.6666666666666666,0,0.8378378378378378,1,1,0.0623937848992474
2025-03-27,1.0,1,0.6012417190957414,0,0.6666666666666666,0,0.6119402985074627,0,0,-0.940253920836445
2025-03-28,1.0,1,0.663470158521225,0,0.6666666666666666,0,0.6119402985074627,0,0,-1.5171225500753822
2025-03-31,1.0,1,0.6943425146706014,0,0.6666666666666666,0,0.6119402985074627,0,0,-1.253363692817222
2025-04-01,1.0,1,0.7034233576197707,0,0.6666666666666666,0,0.6119402985074627,0,0,-1.7327095199349067
2025-04-02,1.0,1,0.6802275663264867,0,0.6666666666666666,0,0.8378378378378378,1,0,-0.4786761439360287
2025-04-03,1.0,1,0.7295397695135294,0,1.0,1,0.6119402985074627,0,0,-0.166156818547738
2025-04-04,1.0,1,0.8609455796653823,1,1.0,1,0.8378378378378378,1,0,-0.1253501400560225
2025-04-07,1.0,1,0.8860163686924888,1,1.0,1,0.8378378378378378,1,1,0.0093099671412925
2025-04-08,1.0,1,0.989074830904239,1,1.0,1,0.8378378378378378,1,0,-0.0619226474469596
2025-04-09,1.0,1,0.26398246440400686,0,0.6666666666666666,0,0.6119402985074627,0,1,0.1056213017751479
2025-04-10,1.0,1,0.389813267795611,0,0.6666666666666666,0,0.6119402985074627,0,1,0.3300582241630276
2025-04-11,1.0,1,0.31783474493357844,0,0.8,1,0.75,1,1,0.1793237971391418
2025-04-14,1.0,1,0.21074210216550252,0,0.6666666666666666,0,0.75,1,1,0.1184975406170815
2025-04-15,1.0,1,0.18723535543795747,0,0.6666666666666666,0,0.75,1,1,0.1280718336483931
2025-04-16,1.0,1,0.2521694711159364,0,1.0,1,0.6119402985074627,0,0,-0.0021955503512881
2025-04-17,1.0,1,0.2015695834868038,0,1.0,1,0.6119402985074627,0,0,-0.0893432066967161
2025-04-21,1.0,1,0.2735320518780116,0,1.0,1,0.6739427925918468,1,0,-0.2200357781753132
2025-04-22,1.0,1,0.18265520420916825,0,1.0,1,0.6739427925918468,1,0,-0.0984323183599638
2025-04-23,1.0,1,0.14976424227874283,0,1.0,1,0.6119402985074627,0,0,-0.0512779295933131
2025-04-24,1.0,1,0.08004606466455706,0,1.0,1,0.6119402985074627,0,1,0.072143233280674
2025-04-25,1.0,1,0.06045862727238801,0,1.0,1,0.6739427925918468,1,0,-0.0300525920360632
2025-04-28,1.0,1,0.07119088605049942,0,1.0,1,0.6739427925918468,1,1,0.0162303664921465
2025-04-29,1.0,1,0.047788894427584626,0,1.0,1,0.6739427925918468,1,1,0.0714285714285714
2025-04-30,1.0,1,0.05984582418763456,0,1.0,1,0.6119402985074627,0,1,0.12875226039783
2025-05-01,1.0,1,0.058651201916048765,0,1.0,1,0.6739427925918468,1,1,0.11203007518797
2025-05-02,1.0,1,0.0,0,1.0,1,0.6119402985074627,0,1,0.153765690376569
2025-05-05,1.0,1,0.09871135653172014,0,1.0,1,0.8378378378378378,1,0,-0.0503355704697985
2025-05-06,1.0,1,0.23427392144156495,0,1.0,1,0.8378378378378378,1,0,-0.2358558558558559
2025-05-07,1.0,1,0.22491777190456705,0,1.0,1,0.8378378378378378,1,0,-0.2397482357428954
2025-05-08,1.0,1,0.2196229839489954,0,1.0,1,0.8378378378378378,1,0,-0.266212970376301
2025-05-09,1.0,1,0.583581049775058,0,0.6666666666666666,0,0.8378378378378378,1,0,-0.4008710078805474
2025-05-12,1.0,1,0.596401821672855,0,1.0,1,0.8378378378378378,1,0,-0.0982101881597063
2025-05-13,1.0,1,0.5883223975854719,0,0.8486588319283849,1,0.8378378378378378,1,1,0.0114805070557283
2025-05-14,1.0,1,0.6111473295566489,0,0.6666666666666666,0,0.8378378378378378,1,1,0.0353164256932921
2025-05-15,1.0,1,0.5928055800474391,0,0.6666666666666666,0,0.8378378378378378,1,1,0.0446142469805275
2025-05-16,1.0,1,0.6235671112756458,0,0.6666666666666666,0,0.8378378378378378,1,0,-0.3070824524312893
2025-05-19,1.0,1,0.6449090412816378,0,0.8,1,0.8378378378378378,1,1,0.104746317512275
2025-05-20,1.0,1,0.7120997486057575,0,0.6666666666666666,0,0.8378378378378378,1,1,0.1040681173131504
2025-05-21,1.0,1,0.7431850544127199,0,0.6666666666666666,0,0.6119402985074627,0,1,0.1440496575342466
2025-05-22,1.0,1,0.7520019733507303,0,0.6666666666666666,0,0.6119402985074627,0,1,0.1481810115350488
2025-05-23,1.0,1,0.8018216224687096,0,0.6666666666666666,0,0.6119402985074627,0,1,0.0763917957304312
2025-05-27,1.0,1,0.702683226205053,0,0.6666666666666666,0,0.6119402985074627,0,1,0.1362763915547025
2025-05-28,1.0,1,0.7165688842240523,0,0.6666666666666666,0,0.6119402985074627,0,1,0.10742830277386
2025-05-29,1.0,1,0.6958189323072039,0,0.6666666666666666,0,0.6119402985074627,0,1,0.1609839259620068
2025-05-30,1.0,1,0.6842183217124375,0,0.6666666666666666,0,0.6119402985074627,0,1,0.1629574678536102
2025-06-02,1.0,1,0.6922302801459688,0,0.6666666666666666,0,0.6119402985074627,0,1,0.1308097747963582
2025-06-03,1.0,1,0.6966178363118442,0,0.6666666666666666,0,0.8378378378378378,1,1,0.1416942253879421
2025-06-04,1.0,1,0.7018552785864757,0,0.6666666666666666,0,0.8378378378378378,1,1,0.1437063840785733
2025-06-05,1.0,1,0.7184477002361271,0,0.6666666666666666,0,0.8378378378378378,1,1,0.0181539248274097
2025-06-06,1.0,1,0.6856853388643789,0,0.6666666666666666,0,0.6858145600843053,1,1,0.0070402703463815
2025-06-09,1.0,1,0.6988151496705701,0,0.6666666666666666,0,0.8378378378378378,1,1,0.0537261698440208
2025-06-10,1.0,1,0.6930558290571462,0,0.6666666666666666,0,0.6858145600843053,1,0,-0.0218495934959349
2025-06-11,1.0,1,0.783175457101351,0,0.6666666666666666,0,0.42857142857142855,0,1,0.0433666923274313
2025-06-12,1.0,1,0.7963380021407098,0,0.6666666666666666,0,0.6119402985074627,0,1,0.0816065489895115
2025-06-13,1.0,1,0.8113465684778228,1,0.6666666666666666,0,0.6119402985074627,0,1,0.1866386358327494
2025-06-16,1.0,1,0.7803533589327251,0,0.6666666666666666,0,0.6119402985074627,0,1,0.111811391223156
2025-06-17,1.0,1,0.822476856091323,1,0.8,1,0.6119402985074627,0,1,0.1088180112570356
2025-06-18,1.0,1,0.7994333747933886,0,0.8,1,0.6119402985074627,0,0,-0.0464547677261616
2025-06-20,1.0,1,0.7924114437415231,0,0.8,1,0.6119402985074627,0,0,-0.0537839124226558
2025-06-23,1.0,1,0.8054126599119253,1,0.6666666666666666,0,0.6119402985074627,0,0,-0.0746373420683201
2025-06-24,1.0,1,0.7712113095388485,0,0.8,1,0.6119402985074627,0,0,-0.0309437854564209
2025-06-25,1.0,1,0.7619082987541911,0,0.6666666666666666,0,0.3333333333333333,0,0,-0.1141637770072021
2025-06-26,1.0,1,0.802978933414735,0,0.6666666666666666,0,0.6119402985074627,0,0,-0.1136176066024762
2025-06-27,1.0,1,0.8014318809508156,0,0.6666666666666666,0,0.75,1,1,0.0872903042365652
2025-06-30,1.0,1,0.8189092753428061,1,0.6666666666666666,0,0.8378378378378378,1,1,0.1197147223637288
2025-07-01,1.0,1,0.8196077983847911,1,0.6666666666666666,0,0.8378378378378378,1,1,0.1237483953786908
2025-07-02,1.0,1,0.8204628395329732,1,0.6666666666666666,0,0.8378378378378378,1,1,0.1647391416088408
2025-07-03,1.0,1,0.8085121255317317,1,0.6666666666666666,0,0.8378378378378378,1,1,0.1720063025210084
2025-07-07,1.0,1,0.8271151560456014,1,0.6666666666666666,0,0.8378378378378378,1,1,0.1405492730210017
2025-07-08,1.0,1,0.8204916722901694,1,0.6666666666666666,0,0.8378378378378378,1,1,0.0890990542558486
2025-07-09,1.0,1,0.8182734425656686,1,1.0,1,0.8378378378378378,1,1,0.0779590779590781
2025-07-10,1.0,1,0.7984043527345485,0,0.6666666666666666,0,0.5292953964239616,0,1,0.1039318119329117
2025-07-11,1.0,1,0.8161140923240802,1,0.6666666666666666,0,0.8378378378378378,1,1,0.1026605751142166
2025-07-14,1.0,1,0.8300247937384673,1,0.6666666666666666,0,0.8378378378378378,1,1,0.0966228893058162
2025-07-15,1.0,1,0.8363218719918272,1,0.6666666666666666,0,0.8378378378378378,1,1,0.1052631578947369
2025-07-16,1.0,1,0.8509537291727929,1,0.6666666666666666,0,0.8378378378378378,1,1,0.0270138719883183
2025-07-17,1.0,1,0.838550827529934,1,0.6666666666666666,0,0.8378378378378378,1,1,0.1048620236530879
2025-07-18,1.0,1,0.8542140473408437,1,0.6666666666666666,0,0.8378378378378378,1,1,0.0692370350257941
2025-07-21,1.0,1,0.8631397415467177,1,0.6666666666666666,0,0.8378378378378378,1,1,0.088126388546038
2025-07-22,1.0,1,0.8588863683026913,1,0.6666666666666666,0,0.6119402985074627,0,1,0.0806901801573203
2025-07-23,1.0,1,0.8514212397262656,1,0.6666666666666666,0,0.8378378378378378,1,1,0.116911364872213
2025-07-24,1.0,1,0.865338414040367,1,0.6666666666666666,0,0.8378378378378378,1,1,0.1077827547592384
2025-07-25,1.0,1,0.8542820527015823,1,0.6666666666666666,0,0.8378378378378378,1,0,-0.2250297265160523
2025-07-28,1.0,1,0.8599673583191807,1,0.6666666666666666,0,0.8378378378378378,1,1,0.0604763179020606
2025-07-29,1.0,1,0.8765808923953295,1,0.6666666666666666,0,0.8378378378378378,1,1,0.057246942492844
2025-07-30,1.0,1,0.8697764942826477,1,0.6060606060606061,0,0.8378378378378378,1,1,0.0892070484581498
2025-07-31,1.0,1,0.8866565286892664,1,0.6666666666666666,0,0.8378378378378378,1,1,0.1191898208257594
2025-08-01,1.0,1,0.8987696712675646,1,1.0,1,0.8378378378378378,1,0,-0.0167075072399196
2025-08-04,1.0,1,0.8133618358374979,1,0.6666666666666666,0,0.8378378378378378,1,1,0.1059907834101383
2025-08-05,1.0,1,0.8302412166802865,1,0.6666666666666666,0,0.8378378378378378,1,0,-0.0562544505103253
2025-08-06,1.0,1,0.8007708016686809,0,0.6666666666666666,0,0.6119402985074627,0,0,-0.0340620233858668
2025-08-07,1.0,1,0.8149285768466576,1,0.6666666666666666,0,0.8378378378378378,1,0,-0.018892679086854
2025-08-08,1.0,1,0.7794539904456351,0,0.6666666666666666,0,0.6119402985074627,0,1,0.0669199298655756
2025-08-11,1.0,1,0.799467195188921,0,0.6666666666666666,0,0.3333333333333333,0,1,0.044783587690768
2025-08-12,1.0,1,0.762967014080435,0,0.6666666666666666,0,0.6119402985074627,0,1,0.1236739251814628
2025-08-13,1.0,1,0.7484624519189339,0,0.6666666666666666,0,0.42857142857142855,0,1,0.0877396862289366
2025-08-14,1.0,1,0.7608460344536867,0,0.6666666666666666,0,0.3333333333333333,0,1,0.041004909038406
2025-08-15,1.0,1,0.7635616045690421,0,0.6666666666666666,0,0.3333333333333333,0,1,0.1802130898021309
2025-08-18,1.0,1,0.7576280462037333,0,0.6666666666666666,0,0.42857142857142855,0,1,0.1305918310641845
2025-08-19,1.0,1,0.7753558134233809,0,0.6666666666666666,0,0.8378378378378378,1,1,0.1050190943807963
2025-08-20,1.0,1,0.7754249348964762,0,0.6143767380909012,0,0.8378378378378378,1,1,0.0495289367429341
2025-08-21,1.0,1,0.8014264532125642,0,0.6666666666666666,0,0.6119402985074627,0,1,0.0282921810699587
2025-08-22,1.0,1,0.7216700063014755,0,0.6666666666666666,0,0.6119402985074627,0,1,0.0937210021651714
2025-08-25,1.0,1,0.7310176544915228,0,0.6666666666666666,0,0.6119402985074627,0,1,0.0650499286733238
2025-08-26,1.0,1,0.7187146191702173,0,0.6666666666666666,0,0.3333333333333333,0,1,0.050877714965784
2025-08-27,1.0,1,0.7197661159474875,0,0.6666666666666666,0,0.3333333333333333,0,1,0.1292035398230087
2025-08-28,1.0,1,0.7168684389928791,0,0.6666666666666666,0,0.5292953964239616,0,1,0.1368159203980099
2025-08-29,1.0,1,0.7272807021952894,0,0.6666666666666666,0,0.75,1,1,0.1827773025377814
2025-09-02,1.0,1,0.785531953681443,0,0.6666666666666666,0,0.6119402985074627,0,1,0.0836298932384341
2025-09-03,1.0,1,0.8026262319379798,0,0.6666666666666666,0,0.3333333333333333,0,1,0.0637610976594028
2025-09-04,1.0,1,0.7811978254723733,0,0.6666666666666666,0,0.6119402985074627,0,1,0.0826961200792976
2025-09-05,1.0,1,0.7828567353608554,0,0.6666666666666666,0,0.6119402985074627,0,0,-0.063068348489293
2025-09-08,1.0,1,0.7908955811980151,0,0.6666666666666666,0,0.6119402985074627,0,0,-0.1572241799945783
2025-09-09,1.0,1,0.7880961720751976,0,0.6666666666666666,0,0.6119402985074627,0,0,-0.1362246316374756
2025-09-10,1.0,1,0.790580563096959,0,0.6666666666666666,0,0.6119402985074627,0,0,-0.0427493713327743
2025-09-11,1.0,1,0.7980779410064909,0,0.6666666666666666,0,0.75,1,1,0.0055104408352665
2025-09-12,1.0,1,0.7971734895708702,0,0.6666666666666666,0,0.6119402985074627,0,0,-0.0579322638146168
2025-09-15,1.0,1,0.812923086740775,1,0.6666666666666666,0,0.8378378378378378,1,0,-0.0539503963180772
2025-09-16,1.0,1,0.8261589942511026,1,0.6666666666666666,0,0.8378378378378378,1,1,0.008687019111442
2025-09-17,1.0,1,0.8163101683467899,1,0.6666666666666666,0,0.8378378378378378,1,1,0.0231288981288981
2025-09-18,1.0,1,0.8128171953609235,1,0.6666666666666666,0,0.6119402985074627,0,1,0.0920702501330493
2025-09-19,1.0,1,0.8129472213075979,1,0.6666666666666666,0,0.8378378378378378,1,1,0.1685866816521494
2025-09-22,1.0,1,0.8367975588000351,1,0.6666666666666666,0,0.8378378378378378,1,1,0.1733496332518338
2025-09-23,1.0,1,0.8709146845347219,1,0.8,1,0.8378378378378378,1,1,0.1729287090558768
2025-09-24,1.0,1,0.8533603887048324,1,0.8,1,0.6119402985074627,0,1,0.0997474747474744
2025-09-25,1.0,1,0.8621928657542963,1,0.6666666666666666,0,0.6119402985074627,0,0,-0.0130587644399799
2025-09-26,1.0,1,0.8370252913855236,1,0.6666666666666666,0,0.8378378378378378,1,1,0.0233671171171172
2025-09-29,1.0,1,0.8498694581527779,1,0.6666666666666666,0,0.8378378378378378,1,0,-0.0055811696190244
2025-09-30,1.0,1,0.8622939451605496,1,0.6666666666666666,0,0.8378378378378378,1,1,0.0184094256259204
2025-10-01,1.0,1,0.8829485475540774,1,0.6666666666666666,0,0.8378378378378378,1,1,0.0670167541885471
2025-10-02,1.0,1,0.8851884390081051,1,0.6666666666666666,0,0.6119402985074627,0,1,0.1313207547169811
2025-10-03,1.0,1,0.8942604069915236,1,0.6666666666666666,0,0.6119402985074627,0,0,-0.1890291012104044
2025-10-06,1.0,1,0.8986350767462877,1,0.6666666666666666,0,0.8378378378378378,1,1,0.0198910726971348
2025-10-07,1.0,1,0.9024048246336077,1,1.0,1,0.6119402985074627,0,1,0.0002296211251434
2025-10-08,1.0,1,0.8875626413093729,1,0.6666666666666666,0,0.8378378378378378,1,0,-0.0571216617210681
2025-10-09,1.0,1,0.883341277876706,1,0.6666666666666666,0,0.8378378378378378,1,0,-0.2629482071713148
2025-10-10,1.0,1,0.8667835636309404,1,1.0,1,0.8378378378378378,1,1,0.008968609865471
2025-10-13,1.0,1,0.786799032449109,0,0.6666666666666666,0,0.42857142857142855,0,1,0.0279214064115822
2025-10-14,1.0,1,0.8215314507106323,1,0.8,1,0.8378378378378378,1,1,0.1054687500000001
2025-10-15,1.0,1,0.8200422351674173,1,0.9046624921389145,1,0.8378378378378378,1,1,0.1740331491712707
2025-10-16,1.0,1,0.8901147546468094,1,1.0,1,0.8378378378378378,1,1,0.2065838092038963
2025-10-17,1.0,1,0.8136086686182604,1,0.6666666666666666,0,0.6119402985074627,0,1,0.1185366850602902
2025-10-20,1.0,1,0.7621895499465969,0,0.6666666666666666,0,0.6119402985074627,0,0,-0.0472695877401252
2025-10-21,1.0,1,0.7533177737940261,0,0.6666666666666666,0,0.3333333333333333,0,0,-0.1645935139937804
2025-10-22,1.0,1,0.77517776970948,0,0.6666666666666666,0,0.6119402985074627,0,0,-0.2360748476936468
2025-10-23,1.0,1,0.7520463584268453,0,0.6666666666666666,0,0.8378378378378378,1,0,-0.097635214235542
2025-10-24,1.0,1,0.7286552587193319,0,0.8,1,0.6119402985074627,0,0,-0.051063829787234
2025-10-27,1.0,1,0.7197523501196141,0,1.0,1,0.6119402985074627,0,1,0.0588373734996469
2025-10-28,1.0,1,0.7413305166499972,0,0.6666666666666666,0,0.8378378378378378,1,1,0.0232715770447356
2025-10-29,1.0,1,0.7524786759053794,0,0.6666666666666666,0,0.7902895542813211,1,1,0.1617452622300573
2025-10-30,1.0,1,0.738244727502789,0,0.6666666666666666,0,0.42857142857142855,0,1,0.0708997083239848
2025-10-31,1.0,1,0.7330544122914083,0,0.6666666666666666,0,0.42857142857142855,0,1,0.0799908319963327
2025-11-03,1.0,1,0.7346021587204308,0,0.8,1,0.7902895542813211,1,1,0.1619597774925116
2025-11-04,1.0,1,0.745190534167295,0,0.6666666666666666,0,0.42857142857142855,0,1,0.1329572925060435
2025-11-05,1.0,1,0.7351445328175286,0,0.6666666666666666,0,0.42857142857142855,0,1,0.1097165115775806
2025-11-06,1.0,1,0.7502069440739957,0,0.6666666666666666,0,0.6119402985074627,0,1,0.1190086030315443
2025-11-07,1.0,1,0.7446531091941827,0,0.6666666666666666,0,0.6119402985074627,0,1,0.11889007470651
2025-11-10,1.0,1,0.7701318163476524,0,0.6666666666666666,0,0.75,1,0,-0.0952079375131939
2025-11-11,1.0,1,0.7939989505196006,0,0.6666666666666666,0,0.6119402985074627,0,0,-0.2960954446854665
2025-11-12,1.0,1,0.797834465802506,0,0.6666666666666666,0,0.6119402985074627,0,0,-0.1969170646982195
2025-11-13,1.0,1,0.8071592041395725,1,0.8,1,0.6119402985074627,0,0,-0.1529761904761903
2025-11-14,1.0,1,0.8161207563618018,1,0.8,1,0.8378378378378378,1,1,0.0494890803446201
2025-11-17,1.0,1,0.8565202658814576,1,0.8,1,0.6119402985074627,0,1,0.1516959263678199
2025-11-18,1.0,1,0.8986996203724178,1,0.8591128334948774,1,0.6119402985074627,0,1,0.0958772770853307
2025-11-19,1.0,1,0.8734280459002794,1,0.8,1,0.6119402985074627,0,1,0.0796786072982924
2025-11-20,1.0,1,0.9046595944758007,1,1.0,1,0.6119402985074627,0,0,-0.1216258144585787
2025-11-21,1.0,1,0.8406790769651924,1,0.6666666666666666,0,0.8378378378378378,1,1,0.0083711196372515
2025-11-24,1.0,1,0.7703656011021375,0,0.6666666666666666,0,0.6119402985074627,0,1,0.0845751886975034
2025-11-25,1.0,1,0.7321970613424693,0,0.6666666666666666,0,0.6119402985074627,0,1,0.1196636481241914
2025-11-26,1.0,1,0.7140924493919553,0,1.0,1,0.6119402985074627,0,1,0.1653705397987192
2025-11-28,1.0,1,0.7002285352489395,0,0.6666666666666666,0,0.75,1,1,0.1886514369933675
2025-12-01,1.0,1,0.7203185663523669,0,0.6666666666666666,0,0.5292953964239616,0,1,0.139334992083239
2025-12-02,1.0,1,0.7156192808924063,0,0.6666666666666666,0,0.75,1,1,0.1299086757990867
2025-12-03,1.0,1,0.6986456622441761,0,0.6666666666666666,0,0.6119402985074627,0,1,0.1538645608997367
2025-12-04,1.0,1,0.7131833616440804,0,0.6666666666666666,0,0.75,1,1,0.1579471848530145
2025-12-05,1.0,1,0.6984366895272545,0,0.6666666666666666,0,0.6119402985074627,0,1,0.1997902464604089
2025-12-08,1.0,1,0.7443538914196293,0,0.6666666666666666,0,0.8378378378378378,1,1,0.1973244147157191
2025-12-09,1.0,1,0.7455768852562192,0,0.6666666666666666,0,0.8378378378378378,1,1,0.2090255949708127
2025-12-10,1.0,1,0.7344799380234457,0,0.6666666666666666,0,0.6119402985074627,0,0,-0.0281620553359685
2025-12-11,1.0,1,0.7159880132038655,0,0.6666666666666666,0,0.6119402985074627,0,0,-0.0008038585209003
2025-12-12,1.0,1,0.7245793365324598,0,0.6666666666666666,0,0.3333333333333333,0,1,0.2197427146232607
2025-12-15,1.0,1,0.7718152732773674,0,0.6666666666666666,0,0.6119402985074627,0,1,0.1618497109826589
2025-12-16,1.0,1,0.7628968239415651,0,0.6666666666666666,0,0.5292953964239616,0,1,0.0475172249940601
2025-12-17,1.0,1,0.7909863370169639,0,0.6666666666666666,0,0.5292953964239616,0,0,-0.1146482635796973
2025-12-18,1.0,1,0.7740724563726444,0,0.6666666666666666,0,0.6119402985074627,0,0,-0.0208030962747943
2025-12-19,1.0,1,0.7278319879829164,0,0.6666666666666666,0,0.3333333333333333,0,1,0.1371942648299128
2025-12-22,1.0,1,0.7454894509310668,0,0.6666666666666666,0,0.6119402985074627,0,1,0.1236943375481032
2025-12-23,1.0,1,0.7556592738257794,0,0.6666666666666666,0,0.6119402985074627,0,1,0.1163646659116648
2025-12-24,1.0,1,0.7569091531479933,0,0.6666666666666666,0,0.6119402985074627,0,1,0.0318642048838594
2025-12-26,1.0,1,0.7724953326777858,0,0.6666666666666666,0,0.6119402985074627,0,1,0.1307189542483661
2025-12-29,1.0,1,0.7948502880551312,0,0.6666666666666666,0,0.6119402985074627,0,1,0.111459149047246
2025-12-30,1.0,1,0.8013179112019845,0,0.6666666666666666,0,0.6119402985074627,0,1,0.1035667107001319
2025-12-31,1.0,1,0.7985352072919581,0,0.6666666666666666,0,0.6119402985074627,0,1,0.0847991598844842
2026-01-02,1.0,1,0.8093171879050725,1,0.6666666666666666,0,0.8378378378378378,1,1,0.0459548706659329
2026-01-05,1.0,1,0.804591196013522,1,0.6060606060606061,0,0.42857142857142855,0,1,0.0548251054328952
2026-01-06,1.0,1,0.798573151541308,0,0.6666666666666666,0,0.6119402985074627,0,1,0.0937259923175415
2026-01-07,1.0,1,0.7982527963217425,0,0.6666666666666666,0,0.5292953964239616,0,1,0.0836501901140685
2026-01-08,1.0,1,0.801584431037943,0,0.6666666666666666,0,0.6119402985074627,0,1,0.1151641479937466
2026-01-09,1.0,1,0.7798626557056256,0,0.6666666666666666,0,0.6119402985074627,0,1,0.1010215664018161
2026-01-12,1.0,1,0.7971877524949756,0,0.6666666666666666,0,0.8378378378378378,1,0,-0.252676126462534
2026-01-13,1.0,1,0.799740753978231,0,0.6666666666666666,0,0.6119402985074627,0,1,0.0463348860014707
2026-01-14,1.0,1,0.83704723784129,1,0.6666666666666666,0,0.6119402985074627,0,1,0.1659096342338034
2026-01-15,1.0,1,0.8158074539000677,1,0.6666666666666666,0,0.6119402985074627,0,1,0.1201331967213114
2026-01-16,1.0,1,0.8175507150625759,1,0.6666666666666666,0,0.6119402985074627,0,1,0.1753195930080876
2026-01-20,1.0,1,0.8494015511608133,1,1.0,1,0.8378378378378378,1,1,0.0148957298907645
2026-01-21,1.0,1,0.7941037367820326,0,0.8,1,0.6119402985074627,0,1,0.0719424460431656
2026-01-22,1.0,1,0.7896985488480228,0,0.6666666666666666,0,0.6119402985074627,0,1,0.0519057171514542
2026-01-23,1.0,1,0.7894827915478245,0,0.6666666666666666,0,0.6119402985074627,0,1,0.0606598984771573
2026-01-26,1.0,1,0.7873380124130239,0,0.7610064918178158,1,0.6119402985074627,0,1,0.0941944509209605
2026-01-27,1.0,1,0.7899967274983044,0,0.6666666666666666,0,0.6119402985074627,0,1,0.0475963826749165
2026-01-28,1.0,1,0.7930777765247808,0,0.6666666666666666,0,0.75,1,1,1.7027144398756294e-16
2026-01-29,1.0,1,0.7974965529942684,0,0.6666666666666666,0,0.6119402985074627,0,0,-0.2242481648117451
2026-01-30,1.0,1,0.8147882470589132,1,0.6666666666666666,0,0.8378378378378378,1,1,0.1322984244670992
2026-02-02,1.0,1,0.7995346392415211,0,0.6666666666666666,0,0.8378378378378378,1,1,0.0915717539863326
2026-02-03,1.0,1,0.8207644150479285,1,0.6666666666666666,0,0.6119402985074627,0,1,0.1132275132275132
2026-02-04,1.0,1,0.8445035787355342,1,0.6666666666666666,0,0.8378378378378378,1,1,0.1423037716615697
2026-02-05,1.0,1,0.8944853107944143,1,0.6666666666666666,0,0.8378378378378378,1,1,0.1252446183953033
2026-02-06,1.0,1,0.7671564400836952,0,0.8,1,0.8378378378378378,1,1,0.035016835016835
2026-02-09,1.0,1,0.7587422280384083,0,0.6666666666666666,0,0.6119402985074627,0,1,0.0188436830835116
2026-02-10,1.0,1,0.7686093037638734,0,0.6666666666666666,0,0.6331249521875485,1,1,0.0887700534759359
2026-02-11,1.0,1,0.7689352924596776,0,0.6666666666666666,0,0.6331249521875485,1,1,0.0729783037475346
2026-02-12,1.0,1,0.809042833209597,1,0.6666666666666666,0,0.6880458917471922,1,1,0.1235104974465672
2026-02-13,1.0,1,0.8013477610081772,0,0.6666666666666666,0,0.6119402985074627,0,1,0.1367454580972846
2026-02-17,1.0,1,0.7927274343000883,0,0.6666666666666666,0,0.6119402985074627,0,1,0.0945595854922281
2026-02-18,1.0,1,0.7881545983889416,0,0.6666666666666666,0,0.6119402985074627,0,1,0.1066743827160492
2026-02-19,1.0,1,0.8326645420539426,1,0.6666666666666666,0,0.6119402985074627,0,1,0.1652924256951103
2026-02-20,1.0,1,0.8200854560705787,1,0.6666666666666666,0,0.6119402985074627,0,1,0.1304713804713804
2026-02-23,1.0,1,0.8574230340810161,1,0.6666666666666666,0,0.8378378378378378,1,1,0.0970042796005705
2026-02-24,1.0,1,0.8171159523618657,1,0.6666666666666666,0,0.6119402985074627,0,1,0.0151485725383568
2026-02-25,1.0,1,0.7674067644540051,0,0.6666666666666666,0,0.6119402985074627,0,1,0.0380219780219781
2026-02-26,1.0,1,0.7850080662624942,0,0.6666666666666666,0,0.3333333333333333,0,0,-0.025102791603549
2026-02-27,1.0,1,0.8018796216033977,0,0.6666666666666666,0,0.6119402985074627,0,0,-0.1548689870942509
2026-03-02,1.0,1,0.8235132145658867,1,0.6666666666666666,0,0.6119402985074627,0,1,0.0143382352941176
2026-03-03,1.0,1,0.8545704695507007,1,0.6666666666666666,0,0.6119402985074627,0,1,0.0786211580913568
2026-03-04,1.0,1,0.8179199253375481,1,0.6666666666666666,0,0.6119402985074627,0,1,0.0316236020053991
2026-03-05,1.0,1,0.8555499887069576,1,0.8,1,0.6119402985074627,0,0,-0.0525754884547069
2026-03-06,1.0,1,0.9408554033807907,1,1.0,1,0.6119402985074627,0,1,0.1683696135051089
2026-03-09,1.0,1,0.8826051448258434,1,0.8,1,0.8378378378378378,1,1,0.1630995157006717
2026-03-10,1.0,1,0.9141876892120254,1,0.8,1,0.8378378378378378,1,1,0.2216190324125818
2026-03-11,1.0,1,0.91576257323427,1,0.6666666666666666,0,0.8378378378378378,1,1,0.0774321641297154
2026-03-12,1.0,1,0.9657685173837535,1,0.8516692700552246,1,0.8378378378378378,1,1,0.2313454759106933
2026-03-13,1.0,1,0.9722400930978885,1,0.8,1,0.8378378378378378,1,1,0.1699135784385527
2026-03-16,1.0,1,0.9102998464508569,1,0.6666666666666666,0,0.8378378378378378,1,1,0.0634920634920633
2026-03-17,1.0,1,0.8783928054641211,1,0.6666666666666666,0,0.8378378378378378,1,0,-0.0084105732921386
2026-03-18,1.0,1,0.9237111494737476,1,0.6666666666666666,0,0.8378378378378378,1,1,0.1296524146416488
2026-03-19,1.0,1,0.9070366042635151,1,0.8,1,0.8378378378378378,1,1,0.043314808761033
2026-03-20,1.0,1,0.944748444396331,1,1.0,1,0.8378378378378378,1,1,0.0028580024067388
2026-03-23,1.0,1,0.9188037828426199,1,0.6666666666666666,0,0.8378378378378378,1,0,-0.0557593543653706
2026-03-24,1.0,1,0.9347185769632121,1,0.6666666666666666,0,0.8378378378378378,1,1,0.1756776556776557
2026-03-25,1.0,1,0.9145817854489069,1,0.6666666666666666,0,0.8378378378378378,1,1,0.1675700789840484
2026-03-26,1.0,1,0.9567737095377121,1,0.8,1,0.8378378378378378,1,1,0.1782520911450822
2026-03-27,1.0,1,1.0,1,1.0,1,0.8378378378378378,1,1,0.0432634530644945
2026-03-30,1.0,1,0.9928867822575931,1,0.8,1,0.6119402985074627,0,0,-0.1223954920718122
2026-03-31,1.0,1,0.7902380467966192,0,0.6666666666666666,0,0.8378378378378378,1,0,-0.043575776994553
2026-04-01,1.0,1,0.7652765466424667,0,0.6666666666666666,0,0.8378378378378378,1,0,-0.0279246530072702
2026-04-02,1.0,1,0.7706268341011854,0,0.6627119987800286,0,0.6119402985074627,0,0,-0.0431654676258992
2026-04-06,1.0,1,0.7578583581571864,0,0.6666666666666666,0,0.8378378378378378,1,0,-0.1225257647636185
2026-04-07,1.0,1,0.7934772711004568,0,0.6666666666666666,0,0.8378378378378378,1,0,-0.1992516370439663
2026-04-08,1.0,1,0.6620155299796671,0,1.0,1,0.75,1,0,-0.1822755417956656
2026-04-09,1.0,1,0.6384699439550009,0,0.6666666666666666,0,0.6119402985074627,0,0,-0.2003370549820939
2026-04-10,1.0,1,0.6277942895542343,0,0.6666666666666666,0,0.75,1,0,-0.4828700711053652
2026-04-13,1.0,1,0.6410859025568859,0,0.6666666666666666,0,0.75,1,0,-0.2977146386658433
2026-04-14,1.0,1,0.6270961037678703,0,1.0,1,0.6119402985074627,0,0,-0.125238802801953
