strategy,entry_date,exit_date,entry_strike,entry_expiration,contracts,entry_premium_ps,mid_premium_ps,exit_value_ps,margin,premium_received_cash,entry_commission,entry_call_src,entry_put_src,exit_call_src,exit_put_src,wide_spread_any,phase2_pnl_pct_5d,realized,gross_pnl,net_pnl,exit_commission,total_commission
logreg,2024-07-15,2024-07-22,568.0,2024-08-16,6,14.66,14.86,17.03,2000.0,8796.0,7.800000000000001,bid_ask,bid_ask,bid_ask,bid_ask,False,-0.1349259757738898,True,-1422.0000000000007,-1437.6000000000006,7.800000000000001,15.600000000000001
logreg,2024-07-24,2024-07-31,563.0,2024-08-23,4,23.209999999999997,23.635,17.4,2000.0,9283.999999999998,5.2,bid_ask,bid_ask,bid_ask,bid_ask,False,0.2815739369579013,True,2323.9999999999995,2313.5999999999995,5.2,10.4
logreg,2024-08-02,2024-08-09,550.0,2024-08-30,4,23.85,24.355,20.67,2000.0,9540.0,5.2,bid_ask,bid_ask,bid_ask,bid_ask,False,0.1683432560049271,True,1272.0,1261.6,5.2,10.4
logreg,2024-08-05,2024-08-12,535.0,2024-09-06,3,32.17,33.03,19.490000000000002,2000.0,9651.0,3.9000000000000004,bid_ask,bid_ask,bid_ask,bid_ask,False,0.4125037844383893,True,3804.0,3796.2,3.9000000000000004,7.800000000000001
logreg,2024-08-06,2024-08-13,523.0,2024-09-06,3,26.86,27.035,27.17,2000.0,8058.0,3.9000000000000004,bid_ask,bid_ask,bid_ask,bid_ask,False,-0.0005548363232846,True,-93.00000000000068,-100.80000000000068,3.9000000000000004,7.800000000000001
logreg,2024-08-07,2024-08-14,520.0,2024-09-06,3,26.490000000000002,26.755,29.96,2000.0,7947.0,3.9000000000000004,bid_ask,bid_ask,bid_ask,bid_ask,False,-0.1154924313212484,True,-1040.9999999999995,-1048.7999999999995,3.9000000000000004,7.800000000000001
logreg,2024-08-13,2024-08-20,542.0,2024-09-13,5,19.61,19.700000000000003,24.28,2000.0,9805.0,6.5,bid_ask,bid_ask,bid_ask,bid_ask,False,-0.2279187817258882,True,-2335.000000000001,-2348.000000000001,6.5,13.0
logreg,2024-08-15,2024-08-22,553.0,2024-09-13,6,15.96,16.025,16.66,2000.0,9576.0,7.800000000000001,bid_ask,bid_ask,bid_ask,bid_ask,False,-0.035569422776911,True,-419.99999999999955,-435.59999999999957,7.800000000000001,15.600000000000001
logreg,2024-09-03,2024-09-10,569.0,2024-10-04,4,20.72,21.405,23.22,2000.0,8288.0,5.2,bid_ask,bid_ask,bid_ask,bid_ask,False,-0.07544966129409,True,-1000.0,-1010.4,5.2,10.4
logreg,2024-09-06,2024-09-13,555.0,2024-10-04,4,21.95,22.39,16.740000000000002,2000.0,8780.0,5.2,bid_ask,bid_ask,bid_ask,bid_ask,False,0.2545779365788299,True,2083.999999999999,2073.599999999999,5.2,10.4
logreg,2024-09-19,2024-09-26,571.0,2024-10-18,6,16.03,16.1,14.18,2000.0,9618.0,7.800000000000001,bid_ask,bid_ask,bid_ask,bid_ask,False,0.1313664596273292,True,1110.000000000001,1094.400000000001,7.800000000000001,15.600000000000001
logreg,2024-10-03,2024-10-10,569.0,2024-11-01,5,19.65,19.735,18.630000000000003,2000.0,9824.999999999998,6.5,bid_ask,bid_ask,bid_ask,bid_ask,False,0.0587788193564731,True,509.999999999998,496.999999999998,6.5,13.0
logreg,2024-10-07,2024-10-14,569.0,2024-11-08,4,24.41,24.515,26.54,2000.0,9764.0,5.2,bid_ask,bid_ask,bid_ask,bid_ask,False,-0.0789312665714869,True,-851.9999999999995,-862.3999999999995,5.2,10.4
logreg,2024-10-08,2024-10-15,574.0,2024-11-08,4,22.7,22.815,21.64,2000.0,9080.0,5.2,bid_ask,bid_ask,bid_ask,bid_ask,False,0.0545693622616698,True,423.9999999999995,413.5999999999995,5.2,10.4
logreg,2024-10-09,2024-10-16,577.0,2024-11-08,4,20.96,21.975,20.46,2000.0,8384.0,5.2,bid_ask,bid_ask,bid_ask,bid_ask,False,0.0725824800910126,True,200.0,189.6,5.2,10.4
logreg,2024-10-10,2024-10-17,577.0,2024-11-08,4,21.21,21.305,19.62,2000.0,8484.0,5.2,bid_ask,bid_ask,bid_ask,bid_ask,False,0.0847218962684815,True,636.0,625.6,5.2,10.4
logreg,2024-10-11,2024-10-18,579.0,2024-11-08,4,20.64,20.74,18.59,2000.0,8256.0,5.2,bid_ask,bid_ask,bid_ask,bid_ask,False,0.1067984570877532,True,820.0000000000002,809.6000000000003,5.2,10.4
logreg,2024-11-06,2024-11-13,605.0,2024-12-06,5,18.37,19.02,14.06,2000.0,9185.0,6.5,bid_ask,bid_ask,bid_ask,bid_ask,False,0.2765509989484752,True,2155.0000000000005,2142.0000000000005,6.5,13.0
logreg,2024-12-18,2024-12-26,584.0,2025-01-17,3,24.9,25.24,23.259999999999998,2000.0,7470.0,3.9000000000000004,bid_ask,bid_ask,bid_ask,bid_ask,False,0.0812202852614897,True,492.00000000000017,484.20000000000016,3.9000000000000004,7.800000000000001
logreg,2024-12-19,2024-12-27,584.0,2025-01-17,4,23.990000000000002,24.075,19.77,2000.0,9596.0,5.2,bid_ask,bid_ask,bid_ask,bid_ask,False,0.1813084112149532,True,1688.000000000001,1677.6000000000008,5.2,10.4
logreg,2024-12-31,2025-01-08,600.0,2025-01-31,5,19.53,19.865,17.57,2000.0,9765.0,6.5,bid_ask,bid_ask,bid_ask,bid_ask,False,0.1391895293229296,True,980.0000000000005,967.0000000000005,6.5,13.0
logreg,2025-01-06,2025-01-14,610.0,2025-02-07,5,18.83,19.45,28.66,2000.0,9414.999999999998,6.5,bid_ask,bid_ask,bid_ask,bid_ask,False,-0.441388174807198,True,-4915.000000000001,-4928.000000000001,6.5,13.0
logreg,2025-01-10,2025-01-17,581.0,2025-02-07,4,20.78,20.84,23.439999999999998,2000.0,8312.0,5.2,bid_ask,bid_ask,bid_ask,bid_ask,False,-0.1202015355086371,True,-1063.9999999999986,-1074.3999999999987,5.2,10.4
logreg,2025-01-22,2025-01-29,620.0,2025-02-21,5,17.77,18.16,21.3,2000.0,8885.0,6.5,bid_ask,bid_ask,bid_ask,bid_ask,False,-0.1318832599118942,True,-1765.0000000000005,-1778.0000000000005,6.5,13.0
logreg,2025-01-27,2025-02-03,610.0,2025-02-28,5,18.33,19.945,19.59,2000.0,9164.999999999998,6.5,bid_ask,bid_ask,bid_ask,bid_ask,False,0.0378540987716219,True,-630.0000000000008,-643.0000000000008,6.5,13.0
logreg,2025-03-03,2025-03-10,595.0,2025-04-04,3,23.4,25.15,38.92,2000.0,7020.0,3.9000000000000004,bid_ask,bid_ask,bid_ask,bid_ask,False,-0.4924453280318094,True,-4656.000000000001,-4663.800000000001,3.9000000000000004,7.800000000000001
logreg,2025-03-04,2025-03-11,585.0,2025-04-04,3,25.16,26.3,33.86,2000.0,7548.0,3.9000000000000004,bid_ask,bid_ask,bid_ask,bid_ask,False,-0.2644486692015211,True,-2609.9999999999995,-2617.7999999999997,3.9000000000000004,7.800000000000001
logreg,2025-03-06,2025-03-13,580.0,2025-04-04,3,25.42,26.925,32.05,2000.0,7626.0,3.9000000000000004,bid_ask,bid_ask,bid_ask,bid_ask,False,-0.1671309192200555,True,-1988.9999999999986,-1996.7999999999986,3.9000000000000004,7.800000000000001
logreg,2025-03-07,2025-03-14,585.0,2025-04-04,3,23.46,25.105,28.13,2000.0,7038.0,3.9000000000000004,bid_ask,bid_ask,bid_ask,bid_ask,False,-0.0955984863572994,True,-1400.9999999999995,-1408.7999999999995,3.9000000000000004,7.800000000000001
logreg,2025-03-10,2025-03-17,568.0,2025-04-11,3,30.11,31.130000000000003,22.14,2000.0,9033.0,3.9000000000000004,bid_ask,bid_ask,bid_ask,bid_ask,False,0.2905557340186315,True,2390.9999999999995,2383.1999999999994,3.9000000000000004,7.800000000000001
logreg,2025-04-03,2025-04-10,539.0,2025-05-02,3,30.97,31.055,37.28,2000.0,9291.0,3.9000000000000004,bid_ask,bid_ask,bid_ask,bid_ask,False,-0.166156818547738,True,-1893.0000000000007,-1900.8000000000006,3.9000000000000004,7.800000000000001
logreg,2025-04-04,2025-04-11,505.0,2025-05-02,2,42.56,42.84,48.38,2000.0,8512.0,2.6,bid_ask,bid_ask,bid_ask,bid_ask,False,-0.1253501400560225,True,-1164.0,-1169.2,2.6,5.2
logreg,2025-04-07,2025-04-14,508.0,2025-05-09,2,45.21,45.650000000000006,45.37,2000.0,9042.0,2.6,bid_ask,bid_ask,bid_ask,bid_ask,False,0.0093099671412925,True,-31.999999999999318,-37.19999999999932,2.6,5.2
logreg,2025-04-08,2025-04-15,495.0,2025-05-09,2,48.980000000000004,49.255,52.43,2000.0,9796.0,2.6,bid_ask,bid_ask,bid_ask,bid_ask,False,-0.0619226474469596,True,-689.9999999999991,-695.1999999999991,2.6,5.2
logreg,2025-04-11,2025-04-21,535.0,2025-05-09,2,38.28,38.45,31.88,2000.0,7656.0,2.6,bid_ask,bid_ask,bid_ask,bid_ask,False,0.1793237971391418,True,1280.0000000000005,1274.8000000000004,2.6,5.2
logreg,2025-04-16,2025-04-24,527.0,2025-05-16,2,34.03,34.16,34.34,2000.0,6806.0,2.6,bid_ask,bid_ask,bid_ask,bid_ask,False,-0.0021955503512881,True,-62.000000000000455,-67.20000000000046,2.6,5.2
logreg,2025-04-17,2025-04-25,528.0,2025-05-16,3,30.91,31.06,34.16,2000.0,9273.0,3.9000000000000004,bid_ask,bid_ask,bid_ask,bid_ask,False,-0.0893432066967161,True,-974.999999999999,-982.7999999999989,3.9000000000000004,7.800000000000001
logreg,2025-04-21,2025-04-28,515.0,2025-05-23,2,36.22,36.335,44.419999999999995,2000.0,7244.0,2.6,bid_ask,bid_ask,bid_ask,bid_ask,False,-0.2200357781753132,True,-1639.999999999999,-1645.1999999999991,2.6,5.2
logreg,2025-04-22,2025-04-29,529.0,2025-05-23,3,33.01,33.17,36.519999999999996,2000.0,9903.0,3.9000000000000004,bid_ask,bid_ask,bid_ask,bid_ask,False,-0.0984323183599638,True,-1052.9999999999993,-1060.7999999999993,3.9000000000000004,7.800000000000001
logreg,2025-04-23,2025-04-30,537.0,2025-05-23,3,30.979999999999997,31.105,33.47,2000.0,9293.999999999998,3.9000000000000004,bid_ask,bid_ask,bid_ask,bid_ask,False,-0.0512779295933131,True,-747.0000000000006,-754.8000000000005,3.9000000000000004,7.800000000000001
logreg,2025-04-24,2025-05-01,549.0,2025-05-23,3,28.39,28.485,27.770000000000003,2000.0,8517.0,3.9000000000000004,bid_ask,bid_ask,bid_ask,bid_ask,False,0.072143233280674,True,185.99999999999923,178.19999999999922,3.9000000000000004,7.800000000000001
logreg,2025-04-25,2025-05-02,552.0,2025-05-23,3,25.77,26.62,27.5,2000.0,7731.0,3.9000000000000004,bid_ask,bid_ask,bid_ask,bid_ask,False,-0.0300525920360632,True,-519.0000000000002,-526.8000000000002,3.9000000000000004,7.800000000000001
logreg,2025-04-28,2025-05-05,551.0,2025-05-30,3,28.58,28.65,28.25,2000.0,8574.0,3.9000000000000004,bid_ask,bid_ask,bid_ask,bid_ask,False,0.0162303664921465,True,98.99999999999949,91.19999999999949,3.9000000000000004,7.800000000000001
logreg,2025-04-29,2025-05-06,555.0,2025-05-30,3,27.16,27.23,25.34,2000.0,8148.0,3.9000000000000004,bid_ask,bid_ask,bid_ask,bid_ask,False,0.0714285714285714,True,546.0000000000001,538.2000000000002,3.9000000000000004,7.800000000000001
logreg,2025-04-30,2025-05-07,557.0,2025-05-30,3,27.33,27.65,24.17,2000.0,8199.0,3.9000000000000004,bid_ask,bid_ask,bid_ask,bid_ask,False,0.12875226039783,True,947.999999999999,940.199999999999,3.9000000000000004,7.800000000000001
logreg,2025-05-01,2025-05-08,558.0,2025-05-30,3,26.490000000000002,26.6,23.68,2000.0,7947.0,3.9000000000000004,bid_ask,bid_ask,bid_ask,bid_ask,False,0.11203007518797,True,843.0000000000007,835.2000000000007,3.9000000000000004,7.800000000000001
logreg,2025-05-02,2025-05-09,568.0,2025-05-30,4,23.83,23.9,20.3,2000.0,9532.0,5.2,bid_ask,bid_ask,bid_ask,bid_ask,False,0.153765690376569,True,1411.999999999999,1401.599999999999,5.2,10.4
logreg,2025-05-05,2025-05-12,564.0,2025-06-06,3,26.759999999999998,26.82,28.55,2000.0,8028.0,3.9000000000000004,bid_ask,bid_ask,bid_ask,bid_ask,False,-0.0503355704697985,True,-537.0000000000009,-544.8000000000009,3.9000000000000004,7.800000000000001
logreg,2025-05-06,2025-05-13,559.0,2025-06-06,3,27.69,27.75,34.38,2000.0,8307.0,3.9000000000000004,bid_ask,bid_ask,bid_ask,bid_ask,False,-0.2358558558558559,True,-2007.0000000000005,-2014.8000000000004,3.9000000000000004,7.800000000000001
logreg,2025-05-07,2025-05-14,562.0,2025-06-06,3,26.13,26.215,32.58,2000.0,7839.0,3.9000000000000004,bid_ask,bid_ask,bid_ask,bid_ask,False,-0.2397482357428954,True,-1934.9999999999995,-1942.7999999999995,3.9000000000000004,7.800000000000001
logreg,2025-05-08,2025-05-15,565.0,2025-06-06,4,24.92,24.98,31.71,2000.0,9968.0,5.2,bid_ask,bid_ask,bid_ask,bid_ask,False,-0.266212970376301,True,-2715.9999999999995,-2726.3999999999996,5.2,10.4
logreg,2025-05-12,2025-05-19,583.0,2025-06-13,4,21.560000000000002,21.79,23.99,2000.0,8624.0,5.2,bid_ask,bid_ask,bid_ask,bid_ask,False,-0.0982101881597063,True,-971.9999999999984,-982.3999999999984,5.2,10.4
logreg,2025-05-13,2025-05-20,587.0,2025-06-13,4,20.84,20.905,20.72,2000.0,8336.0,5.2,bid_ask,bid_ask,bid_ask,bid_ask,False,0.0114805070557283,True,48.0000000000004,37.6000000000004,5.2,10.4
logreg,2025-05-19,2025-05-27,600.0,2025-06-20,4,21.35,21.385,19.43,2000.0,8540.0,5.2,bid_ask,bid_ask,bid_ask,bid_ask,False,0.104746317512275,True,768.0000000000007,757.6000000000007,5.2,10.4
logreg,2025-06-17,2025-06-25,596.0,2025-07-18,4,23.939999999999998,23.985,21.43,2000.0,9576.0,5.2,bid_ask,bid_ask,bid_ask,bid_ask,False,0.1088180112570356,True,1003.9999999999992,993.5999999999992,5.2,10.4
logreg,2025-06-18,2025-06-26,596.0,2025-07-18,4,22.439999999999998,22.495,23.84,2000.0,8976.0,5.2,bid_ask,bid_ask,bid_ask,bid_ask,False,-0.0464547677261616,True,-560.0000000000009,-570.4000000000009,5.2,10.4
logreg,2025-06-20,2025-06-27,600.0,2025-07-18,4,20.97,21.01,22.2,2000.0,8388.0,5.2,bid_ask,bid_ask,bid_ask,bid_ask,False,-0.0537839124226558,True,-492.00000000000017,-502.40000000000015,5.2,10.4
logreg,2025-06-24,2025-07-01,610.0,2025-07-25,5,19.35,19.39,20.04,2000.0,9675.000000000002,6.5,bid_ask,bid_ask,bid_ask,bid_ask,False,-0.0309437854564209,True,-344.99999999999886,-357.99999999999886,6.5,13.0
logreg,2025-07-09,2025-07-16,625.0,2025-08-08,5,19.27,19.305,17.84,2000.0,9635.0,6.5,bid_ask,bid_ask,bid_ask,bid_ask,False,0.0779590779590781,True,714.9999999999999,701.9999999999999,6.5,13.0
logreg,2025-08-01,2025-08-08,623.0,2025-08-29,4,22.39,22.445,22.88,2000.0,8956.0,5.2,bid_ask,bid_ask,bid_ask,bid_ask,False,-0.0167075072399196,True,-195.99999999999937,-206.39999999999938,5.2,10.4
logreg,2025-09-23,2025-09-30,666.0,2025-10-24,4,20.72,20.76,17.21,2000.0,8288.0,5.2,bid_ask,bid_ask,bid_ask,bid_ask,False,0.1729287090558768,True,1403.999999999999,1393.599999999999,5.2,10.4
logreg,2025-09-24,2025-10-01,665.0,2025-10-24,5,19.759999999999998,19.8,17.88,2000.0,9879.999999999998,6.5,bid_ask,bid_ask,bid_ask,bid_ask,False,0.0997474747474744,True,939.9999999999994,926.9999999999994,6.5,13.0
logreg,2025-10-07,2025-10-14,671.0,2025-11-07,4,21.72,21.775,23.17,2000.0,8688.0,5.2,bid_ask,bid_ask,bid_ask,bid_ask,False,0.0002296211251434,True,-580.0000000000011,-590.4000000000011,5.2,10.4
logreg,2025-10-10,2025-10-17,656.0,2025-11-07,3,25.490000000000002,25.645000000000003,25.47,2000.0,7647.0,3.9000000000000004,bid_ask,bid_ask,bid_ask,bid_ask,False,0.008968609865471,True,6.000000000000938,-1.7999999999990628,3.9000000000000004,7.800000000000001
logreg,2025-10-14,2025-10-21,663.0,2025-11-14,3,25.520000000000003,25.6,22.95,2000.0,7656.000000000002,3.9000000000000004,bid_ask,bid_ask,bid_ask,bid_ask,False,0.1054687500000001,True,771.0000000000011,763.2000000000012,3.9000000000000004,7.800000000000001
logreg,2025-10-15,2025-10-22,666.0,2025-11-14,3,25.28,25.34,20.990000000000002,2000.0,7584.0,3.9000000000000004,bid_ask,bid_ask,bid_ask,bid_ask,False,0.1740331491712707,True,1286.9999999999995,1279.1999999999996,3.9000000000000004,7.800000000000001
logreg,2025-10-16,2025-10-23,660.0,2025-11-14,3,29.689999999999998,29.77,23.75,2000.0,8907.0,3.9000000000000004,bid_ask,bid_ask,bid_ask,bid_ask,False,0.2065838092038963,True,1781.9999999999993,1774.1999999999994,3.9000000000000004,7.800000000000001
logreg,2025-10-24,2025-10-31,677.0,2025-11-21,5,19.93,19.975,21.07,2000.0,9965.0,6.5,bid_ask,bid_ask,bid_ask,bid_ask,False,-0.051063829787234,True,-570.0000000000002,-583.0000000000002,6.5,13.0
logreg,2025-10-27,2025-11-03,686.0,2025-11-28,4,21.21,21.245,20.060000000000002,2000.0,8484.0,5.2,bid_ask,bid_ask,bid_ask,bid_ask,False,0.0588373734996469,True,459.99999999999943,449.59999999999945,5.2,10.4
logreg,2025-11-03,2025-11-10,686.0,2025-12-05,4,23.3,23.37,19.630000000000003,2000.0,9320.0,5.2,bid_ask,bid_ask,bid_ask,bid_ask,False,0.1619597774925116,True,1467.9999999999993,1457.5999999999992,5.2,10.4
logreg,2025-11-13,2025-11-20,674.0,2025-12-12,3,25.130000000000003,25.200000000000003,30.49,2000.0,7539.000000000002,3.9000000000000004,bid_ask,bid_ask,bid_ask,bid_ask,False,-0.1529761904761903,True,-1607.9999999999986,-1615.7999999999986,3.9000000000000004,7.800000000000001
logreg,2025-11-14,2025-11-21,673.0,2025-12-12,4,24.57,24.955,25.040000000000003,2000.0,9828.0,5.2,bid_ask,bid_ask,bid_ask,bid_ask,False,0.0494890803446201,True,-188.00000000000097,-198.40000000000097,5.2,10.4
logreg,2025-11-17,2025-11-24,667.0,2025-12-19,3,29.28,29.335,24.939999999999998,2000.0,8784.0,3.9000000000000004,bid_ask,bid_ask,bid_ask,bid_ask,False,0.1516959263678199,True,1302.000000000001,1294.200000000001,3.9000000000000004,7.800000000000001
logreg,2025-11-18,2025-11-25,660.0,2025-12-19,3,31.23,31.29,28.64,2000.0,9369.0,3.9000000000000004,bid_ask,bid_ask,bid_ask,bid_ask,False,0.0958772770853307,True,777.0,769.2,3.9000000000000004,7.800000000000001
logreg,2025-11-19,2025-11-26,663.0,2025-12-19,3,29.77,29.87,28.4,2000.0,8931.0,3.9000000000000004,bid_ask,bid_ask,bid_ask,bid_ask,False,0.0796786072982924,True,411.00000000000034,403.20000000000033,3.9000000000000004,7.800000000000001
logreg,2025-11-20,2025-11-28,653.0,2025-12-19,3,32.089999999999996,32.230000000000004,37.93,2000.0,9626.999999999998,3.9000000000000004,bid_ask,bid_ask,bid_ask,bid_ask,False,-0.1216258144585787,True,-1752.000000000001,-1759.8000000000009,3.9000000000000004,7.800000000000001
logreg,2025-11-26,2025-12-04,680.0,2025-12-26,4,21.799999999999997,21.86,18.36,2000.0,8719.999999999998,5.2,bid_ask,bid_ask,bid_ask,bid_ask,False,0.1653705397987192,True,1375.999999999999,1365.599999999999,5.2,10.4
logreg,2026-01-20,2026-01-27,682.0,2026-02-20,3,25.119999999999997,25.175,26.2,2000.0,7535.999999999998,3.9000000000000004,bid_ask,bid_ask,bid_ask,bid_ask,False,0.0148957298907645,True,-324.00000000000057,-331.8000000000006,3.9000000000000004,7.800000000000001
logreg,2026-01-21,2026-01-28,690.0,2026-02-20,4,21.49,21.545,20.66,2000.0,8596.0,5.2,bid_ask,bid_ask,bid_ask,bid_ask,False,0.0719424460431656,True,331.9999999999993,321.59999999999934,5.2,10.4
logreg,2026-01-26,2026-02-02,696.0,2026-02-27,4,21.41,21.445,19.47,2000.0,8564.0,5.2,bid_ask,bid_ask,bid_ask,bid_ask,False,0.0941944509209605,True,776.0000000000005,765.6000000000005,5.2,10.4
logreg,2026-02-06,2026-02-13,693.0,2026-03-06,4,22.22,22.275,22.15,2000.0,8888.0,5.2,bid_ask,bid_ask,bid_ask,bid_ask,False,0.035016835016835,True,28.000000000000114,17.600000000000115,5.2,10.4
logreg,2026-03-05,2026-03-12,681.0,2026-04-02,3,28.08,28.15,30.13,2000.0,8424.0,3.9000000000000004,bid_ask,bid_ask,bid_ask,bid_ask,False,-0.0525754884547069,True,-615.0000000000002,-622.8000000000002,3.9000000000000004,7.800000000000001
logreg,2026-03-06,2026-03-13,672.0,2026-04-02,2,33.66,33.765,29.04,2000.0,6731.999999999999,2.6,bid_ask,bid_ask,bid_ask,bid_ask,False,0.1683696135051089,True,923.9999999999995,918.7999999999995,2.6,5.2
logreg,2026-03-09,2026-03-16,677.0,2026-04-10,3,31.89,32.004999999999995,27.19,2000.0,9567.0,3.9000000000000004,bid_ask,bid_ask,bid_ask,bid_ask,False,0.1630995157006717,True,1409.9999999999998,1402.1999999999998,3.9000000000000004,7.800000000000001
logreg,2026-03-10,2026-03-17,678.0,2026-04-10,3,31.22,31.315,26.15,2000.0,9366.0,3.9000000000000004,bid_ask,bid_ask,bid_ask,bid_ask,False,0.2216190324125818,True,1521.0,1513.2,3.9000000000000004,7.800000000000001
logreg,2026-03-12,2026-03-19,666.0,2026-04-10,2,33.94,34.04,27.269999999999996,2000.0,6788.0,2.6,bid_ask,bid_ask,bid_ask,bid_ask,False,0.2313454759106933,True,1334.0000000000005,1328.8000000000004,2.6,5.2
logreg,2026-03-13,2026-03-20,661.0,2026-04-10,2,34.06,34.135,28.64,2000.0,6812.0,2.6,bid_ask,bid_ask,bid_ask,bid_ask,False,0.1699135784385527,True,1084.0000000000005,1078.8000000000004,2.6,5.2
logreg,2026-03-19,2026-03-26,660.0,2026-04-17,3,30.509999999999998,30.59,30.41,2000.0,9153.0,3.9000000000000004,bid_ask,bid_ask,bid_ask,bid_ask,False,0.043314808761033,True,29.99999999999936,22.19999999999936,3.9000000000000004,7.800000000000001
logreg,2026-03-20,2026-03-27,651.0,2026-04-17,3,33.14,33.239999999999995,34.42,2000.0,9942.0,3.9000000000000004,bid_ask,bid_ask,bid_ask,bid_ask,False,0.0028580024067388,True,-384.00000000000034,-391.80000000000035,3.9000000000000004,7.800000000000001
logreg,2026-03-26,2026-04-02,648.0,2026-04-24,2,34.290000000000006,34.67,28.85,2000.0,6858.000000000001,2.6,bid_ask,bid_ask,bid_ask,bid_ask,False,0.1782520911450822,True,1088.000000000001,1082.8000000000009,2.6,5.2
logreg,2026-03-27,2026-04-06,634.0,2026-04-24,2,37.34,37.445,37.25,2000.0,7468.000000000001,2.6,bid_ask,bid_ask,bid_ask,bid_ask,False,0.0432634530644945,True,18.000000000000682,12.800000000000683,2.6,5.2
logreg,2026-03-30,2026-04-07,631.0,2026-04-30,2,38.09,38.155,44.17,2000.0,7618.000000000001,2.6,bid_ask,bid_ask,bid_ask,bid_ask,False,-0.1223954920718122,True,-1215.9999999999995,-1221.1999999999996,2.6,5.2
logreg,2026-04-08,2026-04-15,680.0,2026-05-08,3,25.77,25.84,31.830000000000002,2000.0,7731.0,3.9000000000000004,bid_ask,bid_ask,bid_ask,bid_ask,False,-0.1822755417956656,True,-1818.0000000000007,-1825.8000000000006,3.9000000000000004,7.800000000000001
logreg,2026-04-14,2026-04-21,698.0,2026-05-15,4,23.509999999999998,23.555,27.869999999999997,2000.0,9404.0,5.2,bid_ask,bid_ask,bid_ask,bid_ask,False,-0.125238802801953,True,-1743.9999999999998,-1754.3999999999999,5.2,10.4
